id,gender,age,height,body_volume,ethnicity,hair_color,hairstyle,beard,moustache,glasses,head_accessories,upper_body_clothing,lower_body_clothing,footwear,accessories
1604,0,2,2,1,4,1,1,1,1,2,4,0,3,6,1
1605,1,3,2,0,4,0,1,1,1,0,4,2,2,0,1
1606,0,3,2,1,4,0,1,2,2,2,0,10,2,3,8
1608,0,5,2,1,0,2,1,1,1,2,4,0,2,0,7
1609,1,3,2,1,4,0,1,1,1,2,4,0,2,0,7
1610,1,2,4,1,4,0,3,2,2,2,4,12,2,6,0
1611,1,2,2,1,2,0,1,1,1,2,4,0,0,0,1
1612,1,2,2,1,2,0,1,1,1,2,4,0,0,0,7
1614,0,3,2,1,4,0,2,1,1,0,4,0,2,0,0
1613,1,3,2,1,4,1,3,1,1,2,4,0,3,4,7
1615,1,3,2,1,4,0,2,1,1,2,4,0,3,0,1
1616,1,3,2,1,4,1,3,1,1,2,4,10,3,0,1
1617,1,4,2,1,0,2,1,1,1,2,4,8,0,0,0
1618,1,3,2,0,4,6,3,1,1,2,4,11,0,0,7
1619,0,2,2,1,0,1,1,1,1,2,4,0,3,0,7
1620,1,3,2,1,0,1,4,2,1,2,4,12,2,0,7
1622,0,3,2,1,4,0,1,1,1,2,4,0,3,0,7
1626,2,3,2,1,4,6,3,1,1,2,0,8,0,1,0
1630,0,2,2,1,0,1,1,1,1,2,4,0,3,4,7
1631,0,2,2,1,4,0,1,2,2,2,4,0,3,0,7
1633,0,2,2,1,4,0,1,1,1,2,4,0,3,0,7
1634,1,2,2,1,4,0,3,2,2,2,4,0,0,6,8
1635,1,2,2,1,4,0,1,1,1,2,4,0,0,0,7
1636,0,3,3,1,4,1,3,1,1,2,4,0,3,0,0
1637,0,3,2,1,4,0,1,2,2,0,4,0,2,6,0
1638,1,2,2,1,4,1,3,1,1,2,4,1,4,0,0
1640,1,3,2,1,0,1,3,1,1,0,4,0,0,0,0
1641,1,3,2,0,4,1,2,1,1,2,4,0,3,0,1
1643,0,3,2,0,4,0,3,1,1,2,4,0,3,0,7
1644,1,3,2,1,4,1,3,1,1,2,4,1,2,6,1
1645,0,3,2,1,4,0,1,1,1,2,4,0,2,0,1
1647,0,3,2,1,4,0,1,1,1,2,4,8,2,1,1
1648,1,3,2,1,4,1,3,1,1,0,4,6,2,1,0
1650,0,3,3,1,4,6,5,1,1,3,0,3,2,0,8
1651,0,6,2,2,4,6,5,2,2,2,0,8,2,0,7
1652,0,3,2,1,4,1,1,0,0,2,4,2,2,1,5
1653,1,2,2,1,0,1,4,1,1,2,4,0,0,0,7
1654,1,3,2,1,4,0,4,1,1,2,4,7,7,0,1
1656,0,3,2,1,4,1,2,1,1,3,4,0,9,6,1
1657,0,3,2,1,4,0,1,0,1,0,4,8,2,1,0
1662,1,3,2,1,4,0,2,0,0,2,4,0,0,0,1
1663,2,3,3,1,4,1,1,1,1,2,4,0,2,0,6
1664,2,3,2,1,4,0,1,1,1,2,4,8,2,0,0
1665,2,3,2,1,4,1,3,1,1,2,4,0,2,3,1
1670,0,3,3,1,4,0,1,1,1,2,4,0,2,0,7
1671,0,3,2,1,4,0,1,1,1,2,4,0,2,0,7
1672,0,4,3,1,4,6,5,0,0,3,4,8,2,0,0
1673,1,3,3,1,4,1,3,1,1,1,0,11,4,4,2
1674,0,3,3,1,0,1,2,1,1,3,4,0,0,0,1
1675,2,3,3,1,4,1,2,0,2,1,0,7,2,1,7
1676,0,3,2,0,4,1,1,1,1,0,4,0,2,1,6
1677,2,5,3,1,0,6,2,0,0,0,0,8,2,4,1
1678,0,3,2,1,4,0,1,2,2,3,4,0,0,0,1
1679,0,3,3,1,4,0,1,2,2,2,4,0,0,0,1
1681,1,3,2,1,4,0,3,1,1,2,4,0,0,0,0
1682,0,3,3,1,4,1,2,1,1,2,4,8,3,0,1
1685,1,3,2,1,4,0,1,1,1,0,0,0,9,6,1
1690,1,3,2,1,4,0,4,2,1,2,4,0,0,0,7
1691,0,3,2,1,4,0,3,2,2,3,0,0,3,0,1
1692,1,3,2,1,4,0,3,1,1,2,4,0,6,0,7
1693,2,3,2,1,4,1,2,1,1,2,4,0,9,0,7
1695,2,3,2,1,4,0,1,1,1,2,4,0,2,0,7
1696,0,3,2,1,4,1,2,1,1,2,4,0,3,0,1
1697,0,3,2,1,4,1,2,2,2,2,4,0,3,0,7
1699,2,2,3,1,4,0,3,1,1,2,4,6,2,0,0
1700,2,2,2,1,4,0,2,1,1,2,4,0,2,0,7
1703,0,3,2,1,4,1,1,2,2,0,4,8,0,0,1
1704,0,3,2,1,4,1,3,1,1,0,4,8,2,1,0
1705,0,3,2,1,4,0,2,2,0,2,4,0,2,0,1
1707,1,3,2,1,4,1,3,1,1,2,4,8,2,0,1
1708,1,3,2,1,4,0,3,1,1,2,4,0,9,6,0
1709,1,3,2,1,4,0,1,1,1,2,4,0,2,0,7
1710,2,3,3,1,4,0,3,1,1,2,4,0,2,0,7
1711,0,4,2,1,0,0,0,0,1,2,4,9,2,1,7
1713,0,2,2,1,4,1,1,1,1,2,4,8,0,1,7
1714,1,3,2,1,4,0,1,1,1,2,4,0,4,0,1
1715,1,3,2,1,4,0,2,1,1,0,4,0,7,0,7
1716,0,3,2,1,3,0,1,1,2,2,4,8,0,0,7
1722,1,3,2,1,4,1,3,1,1,2,0,8,9,0,1
1723,0,3,2,1,4,0,1,2,2,2,4,0,0,0,1
1726,1,3,2,1,4,6,5,1,1,2,4,0,2,0,2
1728,1,3,2,0,4,6,3,1,1,2,4,6,6,0,7
1731,2,8,4,3,4,6,5,2,2,3,4,12,9,6,8
1732,2,8,4,3,4,6,5,2,2,3,4,12,9,6,8
1734,1,4,2,1,0,1,1,1,1,2,4,0,1,0,7
1736,1,2,2,1,0,1,3,1,1,2,4,0,0,0,7
1739,2,8,4,3,4,6,5,2,2,3,4,12,9,6,8
1740,0,2,4,1,4,0,1,2,2,2,4,0,9,0,1
1741,0,2,2,1,0,1,1,1,1,2,4,2,0,0,1
1743,0,3,2,1,4,0,1,2,2,2,4,0,2,0,7
1745,0,2,2,1,4,6,1,2,2,2,4,0,12,0,6
1746,1,3,2,1,4,0,1,0,0,2,0,10,3,0,1
1747,1,3,2,1,4,0,1,0,1,2,4,8,0,0,1
1748,1,3,2,1,4,1,4,1,1,2,4,0,0,0,0
1750,1,6,4,1,4,1,2,2,1,2,4,0,9,6,0
1753,2,8,4,1,4,6,1,2,2,3,4,0,12,3,8
1754,1,2,2,1,4,6,5,2,2,2,4,0,9,0,7
1755,1,3,2,1,4,6,5,1,1,2,4,0,2,0,7
1756,1,3,2,1,0,1,1,1,2,0,4,8,4,0,7
1761,0,2,2,1,0,1,1,1,1,2,4,0,12,9,1
1764,0,2,2,1,4,1,1,2,2,2,4,0,8,0,8
1768,1,3,2,2,0,1,1,2,2,0,4,0,1,0,7
1769,0,2,2,1,4,1,3,2,2,2,4,0,2,0,8
1771,0,2,2,1,2,0,1,1,1,2,4,0,2,0,7
1775,0,2,4,1,4,0,1,2,2,2,4,0,12,9,6
1780,2,3,2,1,4,0,2,1,1,2,4,0,3,0,1
1783,1,2,2,1,4,0,5,2,1,2,4,6,9,0,0
1784,1,3,2,1,4,2,3,1,1,2,4,0,0,0,0
1785,2,3,2,1,4,0,2,0,0,2,4,8,0,0,0
1786,1,3,2,1,4,0,3,1,1,2,4,6,9,6,1
1787,1,2,2,1,0,1,1,1,1,2,4,0,2,6,7
1788,0,3,3,1,4,0,2,1,1,2,4,0,3,0,7
1790,0,3,3,1,4,6,5,2,2,2,0,0,3,0,1
1795,2,3,2,1,4,0,3,1,1,0,4,0,1,0,1
1798,1,2,2,1,0,1,2,1,1,0,4,0,4,0,0
1803,2,3,2,1,4,1,2,1,1,2,4,8,2,0,7
1805,1,3,2,1,4,6,3,1,1,2,4,0,2,1,7
1806,1,2,2,1,4,0,3,2,1,2,4,0,0,9,0
1808,2,3,3,1,4,6,3,1,1,2,4,0,2,0,7
1811,1,4,2,1,4,0,2,1,1,1,4,2,2,1,0
1813,0,3,2,1,4,0,1,1,1,3,4,0,2,0,7
1818,0,3,2,1,1,0,2,2,2,2,0,12,3,0,1
1820,1,3,2,0,4,1,3,1,1,2,4,2,0,0,2
1824,1,3,2,1,4,1,3,1,1,0,4,0,2,4,0
1825,2,8,3,1,4,6,5,2,2,3,4,12,0,3,7
1826,1,3,2,1,4,1,2,1,1,0,4,6,9,0,0
1827,2,3,2,1,4,0,1,1,1,1,0,8,2,0,1
1829,1,3,2,1,4,1,3,1,1,2,0,8,2,0,0
1831,1,3,2,2,4,1,3,1,1,2,4,1,2,0,0
1832,2,3,2,1,4,1,2,1,1,2,4,0,2,0,1
1837,1,3,2,1,4,6,5,1,1,2,4,8,0,0,7
1838,1,2,2,1,4,0,1,2,2,2,4,12,4,2,7
1840,0,3,2,1,0,1,1,1,1,2,4,8,2,1,7
1841,1,3,2,1,4,6,3,1,1,2,4,2,0,4,2
1842,2,3,2,1,4,1,2,1,1,2,4,0,3,0,1
1843,2,8,4,3,4,5,5,2,2,2,4,12,9,6,0
1844,2,3,2,1,4,0,1,1,1,2,4,0,2,0,1
1846,2,3,2,1,4,0,1,1,1,2,0,1,3,0,1
1847,2,3,1,1,4,5,5,1,1,2,4,1,2,4,7
1852,0,3,3,0,4,0,1,0,0,2,4,10,0,0,1
1853,0,3,3,1,4,0,2,1,1,2,4,8,2,0,7
1854,1,3,2,1,4,1,3,1,1,2,4,2,3,3,6
1857,1,2,3,1,4,1,3,1,1,2,4,0,2,0,0
1860,0,3,2,1,4,0,1,1,1,2,0,8,2,1,1
1861,0,2,2,1,0,1,1,1,1,2,4,0,2,1,7
1863,0,3,2,0,4,1,2,1,1,2,4,8,2,0,1
1865,1,3,2,0,4,0,3,1,1,2,4,0,2,6,0
1867,0,3,2,0,0,1,2,1,1,2,4,0,3,0,1
1869,0,6,2,1,0,4,2,0,0,2,0,8,2,0,7
1872,0,3,2,1,2,0,1,1,1,0,4,0,3,0,1
1873,1,3,3,1,4,1,2,0,1,2,4,0,2,6,7
1874,1,3,2,1,4,1,2,1,1,2,4,0,2,4,2
1876,0,3,2,0,4,0,2,1,1,2,0,0,2,0,8
1877,0,3,2,1,4,0,2,1,1,3,4,0,3,0,1
1880,0,3,2,1,4,0,2,1,1,2,3,0,2,0,7
1881,1,4,2,1,4,1,3,1,1,2,4,1,2,0,0
1883,0,3,3,1,4,1,3,0,1,2,4,8,2,3,0
1884,1,3,2,1,4,1,1,1,1,0,4,0,2,0,1
1885,0,3,2,2,4,6,5,2,2,2,0,8,2,3,7
1887,1,3,2,1,4,1,3,1,1,2,4,0,2,0,1
1888,1,3,2,1,4,0,3,1,1,2,0,8,0,0,1
1889,0,3,2,0,4,1,1,1,1,2,4,8,2,1,1
1893,0,4,2,1,4,6,2,1,1,1,0,0,2,0,1
1897,2,4,2,2,4,1,2,1,1,0,4,8,2,1,0
1898,0,2,2,1,4,1,2,1,1,2,4,0,3,0,1
1899,0,3,2,1,4,1,3,1,1,2,0,0,1,0,0
1900,0,3,2,1,4,0,2,1,1,0,4,0,2,0,1
1903,1,3,2,1,4,0,2,1,1,0,4,0,2,0,1
1908,1,3,2,1,2,6,3,1,1,0,4,7,2,0,1
1911,0,2,2,1,2,0,1,1,1,0,4,0,3,0,1
1923,0,3,3,1,4,1,2,1,1,3,4,0,0,6,1
1925,0,3,2,1,4,0,1,1,1,2,0,0,9,6,1
1926,1,0,0,0,4,1,3,1,1,2,4,0,3,0,1
1928,0,3,2,0,4,0,1,0,0,2,4,0,3,0,1
1934,0,3,3,0,0,1,1,1,1,2,4,0,3,0,7
1935,0,4,2,1,0,4,1,1,1,0,4,8,2,1,0
1937,0,3,2,1,4,1,1,1,1,2,4,9,2,6,4
1941,0,4,3,1,4,1,1,0,0,1,4,9,2,1,7
1942,0,3,2,1,4,0,1,1,1,2,4,0,2,0,7
1944,2,3,2,1,4,5,5,2,2,3,0,0,2,0,2
1947,0,3,3,1,4,1,1,1,1,2,4,0,2,0,1
1948,1,4,2,1,4,1,4,1,1,1,4,8,2,1,7
1949,1,3,2,1,4,1,3,1,1,2,4,12,2,0,1
1951,1,3,2,1,4,1,3,1,1,2,4,6,6,0,2
1952,1,3,2,1,4,1,3,1,1,3,4,12,2,0,1
1953,2,4,3,1,4,1,2,0,0,2,0,9,2,1,0
1954,0,3,2,1,0,0,1,0,0,2,4,2,0,3,1
1956,1,4,2,1,4,1,3,1,1,2,4,0,2,0,2
1958,2,4,2,1,0,1,2,1,1,3,4,8,2,1,7
1964,2,4,2,1,4,0,3,1,1,2,4,2,2,3,7
1965,1,7,2,1,4,4,1,0,0,0,4,8,0,1,7
1968,0,4,2,1,0,4,1,1,1,0,4,8,2,1,0
1976,0,8,4,3,4,6,5,2,2,3,4,12,9,6,8
1978,1,2,2,1,0,1,3,1,1,0,4,0,4,0,7
1979,0,2,2,1,0,1,1,1,1,2,4,0,3,0,0
1980,1,8,4,1,4,0,3,2,1,2,4,0,9,6,0
1981,0,8,4,3,4,5,1,1,1,2,4,8,2,6,7
1990,1,8,4,3,4,6,5,2,2,3,4,12,4,6,8
2001,2,2,2,1,1,0,1,1,1,2,4,0,2,0,8
2002,0,8,4,3,4,6,5,2,2,3,4,12,9,6,8
2003,1,2,2,1,0,1,4,1,1,2,4,0,3,0,7
2004,0,8,4,3,4,5,1,2,2,2,0,0,3,9,8
2008,2,8,4,3,4,6,5,2,2,3,4,0,12,9,8
2011,1,2,2,1,4,1,3,1,1,2,4,0,9,0,7
2013,0,8,4,3,4,5,1,2,2,2,4,12,9,6,8
2023,1,2,2,1,4,0,2,1,1,2,4,0,4,6,1
2026,2,8,4,3,4,6,5,2,2,3,4,12,9,6,8
2030,1,2,2,1,0,1,2,1,1,2,4,8,0,0,7
2032,0,5,2,1,0,1,1,1,1,1,4,0,3,0,7
2033,0,8,4,3,4,6,5,2,2,2,0,12,9,6,8
2034,1,3,3,0,4,6,4,1,1,2,4,0,2,0,0
2040,1,3,2,1,4,0,3,1,1,2,4,0,2,0,1
2041,0,3,3,0,4,0,1,1,1,2,4,8,2,1,0
2046,1,3,3,1,0,1,3,1,1,2,4,0,3,0,1
2048,0,3,3,1,0,1,2,1,1,2,4,10,3,0,1
2050,0,2,3,1,4,1,2,1,1,0,4,0,0,0,1
2055,1,2,2,0,4,0,3,1,1,2,4,1,4,3,2
2058,0,3,2,1,3,0,2,1,1,2,4,8,2,1,2
2064,2,3,2,1,4,1,3,2,2,3,4,0,2,0,1
2065,0,3,2,1,4,0,1,1,1,3,4,8,0,0,1
2066,2,4,2,1,4,6,5,2,2,3,0,8,2,0,0
2067,1,3,2,1,4,0,3,1,1,2,4,0,2,6,1
2068,0,3,3,1,4,1,2,0,0,1,4,8,2,0,6
2071,0,3,2,1,4,0,1,1,1,0,4,8,2,1,1
2072,2,3,2,1,4,0,1,0,0,2,4,0,3,0,1
2073,0,3,2,1,4,6,5,1,1,3,0,0,3,0,1
2076,2,3,2,1,4,1,2,1,1,2,4,0,3,0,7
2078,1,3,2,0,4,0,3,1,1,0,4,0,0,0,1
2079,0,3,3,1,4,0,1,1,1,2,4,0,2,0,1
2080,1,3,2,0,4,1,4,1,1,3,4,11,6,4,1
2083,1,3,2,1,4,0,3,1,1,2,4,0,0,6,0
2084,1,4,2,1,4,1,1,2,2,1,0,0,3,0,1
2085,1,3,2,0,4,0,1,1,1,2,4,0,3,0,0
2087,0,3,2,1,4,0,2,0,0,2,0,2,0,0,1
2088,1,3,2,0,0,1,3,1,1,2,4,6,6,0,7
2089,1,2,2,1,2,0,2,1,1,0,4,0,2,0,1
2092,0,3,2,1,4,1,3,1,1,0,4,0,2,0,0
2093,0,3,2,1,4,0,1,2,2,1,4,0,3,0,1
2094,1,3,2,1,4,1,3,1,1,2,4,0,2,3,0
2095,2,3,2,1,4,0,1,1,2,0,4,0,3,0,1
2097,0,3,3,1,0,1,1,1,1,2,4,0,2,0,1
2098,1,4,2,1,4,4,2,1,1,0,4,8,2,6,1
2102,0,3,2,0,4,0,1,1,1,2,4,8,2,3,1
2103,1,2,3,1,0,0,3,1,1,2,4,7,2,0,1
2110,1,3,2,1,4,0,3,1,1,2,4,0,2,0,0
2111,1,3,2,1,4,6,5,1,1,2,0,0,2,0,1
2113,2,3,3,1,4,1,5,1,1,3,0,0,3,0,7
2114,1,3,2,1,0,1,3,1,1,2,4,6,6,3,2
2115,1,3,2,1,4,1,3,1,1,2,0,0,2,0,1
2118,0,3,2,1,4,0,2,1,1,3,4,0,3,0,1
2120,0,3,3,0,4,1,2,1,1,2,4,0,0,0,1
2122,0,3,3,1,4,1,2,1,1,0,4,0,2,0,1
2123,0,3,2,1,4,0,1,1,1,2,4,0,2,0,7
2124,1,2,2,1,4,0,2,1,1,0,4,0,2,0,1
2125,2,3,3,1,4,0,1,1,1,1,0,8,2,1,7
2127,0,3,2,0,4,1,2,1,1,2,4,8,2,0,1
2128,1,3,2,1,4,1,3,1,1,1,4,0,2,0,0
2130,0,3,2,1,4,0,1,0,0,2,4,0,2,0,7
2132,2,3,3,1,4,0,1,0,0,0,4,0,0,0,1
2133,2,3,3,0,4,0,1,1,1,0,4,12,9,0,7
2136,1,4,2,1,4,1,2,1,1,1,4,2,6,0,1
2137,0,3,3,1,4,0,2,0,0,2,4,8,0,0,7
2138,1,3,2,1,4,1,3,1,1,2,4,10,2,0,7
2139,1,3,2,1,4,1,3,1,1,2,4,0,2,1,7
2140,0,3,3,1,4,0,1,0,0,2,4,10,2,0,1
2142,1,3,2,1,4,1,3,1,1,2,4,0,2,3,0
2144,0,3,2,1,4,1,1,0,0,2,4,0,2,0,1
2146,1,3,3,1,4,0,1,1,1,2,4,0,2,0,1
2147,1,3,3,1,4,1,3,1,1,3,4,0,2,0,1
2150,1,3,3,1,4,1,2,1,1,2,0,12,2,0,7
2151,1,3,2,1,4,1,2,1,1,2,4,2,2,6,7
2152,2,3,3,1,4,0,2,1,1,2,0,0,0,0,1
2155,2,3,2,1,4,1,3,1,1,2,4,0,3,0,7
2156,0,3,2,1,4,1,1,0,0,0,4,8,2,0,1
2158,1,4,2,1,4,0,3,1,1,1,4,12,9,6,0
2162,0,3,2,1,4,1,1,1,1,0,4,8,2,1,7
2165,0,3,3,1,0,1,2,1,1,1,4,8,2,1,7
2168,0,3,3,1,4,0,0,0,2,0,4,8,2,0,1
2169,0,3,2,1,4,1,1,0,0,3,4,0,9,6,7
2171,1,3,2,0,0,1,3,1,1,2,4,0,0,0,0
2174,0,3,2,1,4,0,1,1,1,0,4,0,2,6,7
2176,0,3,2,1,0,1,2,1,1,2,4,0,3,0,7
2179,1,3,2,1,4,0,3,1,1,2,4,0,9,6,1
2184,2,3,2,1,4,0,2,1,1,2,4,0,3,0,1
2191,0,3,2,1,4,1,2,1,1,2,4,0,2,6,1
2192,0,4,2,1,4,1,1,1,1,3,3,0,2,6,0
2195,1,3,2,1,4,0,3,1,1,2,4,0,2,0,1
2197,2,7,4,1,0,2,3,0,0,0,0,8,3,0,7
2198,0,3,3,1,4,1,2,1,1,2,4,0,2,0,7
2199,1,3,2,1,4,0,1,1,1,0,4,0,0,0,1
2200,0,3,2,1,4,0,1,0,0,1,4,0,2,0,1
2201,2,3,2,1,0,1,3,1,1,2,4,0,0,0,1
2203,1,3,2,1,4,1,2,1,1,2,4,0,2,0,1
2204,1,3,3,1,4,0,2,1,1,2,4,8,2,1,7
2205,1,3,2,1,4,1,3,1,1,2,4,0,2,6,1
2208,0,3,3,1,4,0,1,1,1,0,0,0,3,4,1
2211,1,3,2,0,4,1,3,1,1,2,0,0,3,0,0
2212,0,5,2,1,4,0,1,0,1,1,0,0,3,0,7
2213,1,3,2,1,4,1,3,1,1,1,4,0,2,4,1
2214,1,3,3,1,4,0,1,1,1,2,4,8,2,0,7
2216,1,3,2,1,0,1,4,1,1,2,4,0,2,1,0
2218,1,3,2,0,4,1,3,1,1,2,4,0,2,4,0
2219,1,3,2,0,0,1,2,1,1,2,4,6,6,3,7
2220,0,3,2,1,4,0,1,1,1,0,4,12,2,0,1
2222,2,3,3,1,0,1,2,1,1,2,4,0,2,0,1
2223,0,3,2,1,0,1,2,1,1,2,4,8,2,1,0
2224,0,3,3,0,0,1,1,1,1,2,4,0,2,0,6
2227,3,3,2,0,4,0,2,1,1,2,4,0,3,4,1
2228,0,2,3,0,4,1,3,1,1,2,4,0,2,0,1
2230,0,3,2,1,4,1,2,2,2,2,4,8,2,1,7
2231,1,3,2,1,4,1,3,1,1,1,4,6,3,5,2
2232,1,3,2,1,4,1,1,1,1,2,4,0,3,4,1
2237,0,3,2,1,4,0,2,1,1,2,0,2,3,0,7
2238,1,3,2,1,4,1,3,1,1,2,4,0,3,0,7
2239,1,3,2,1,0,1,2,1,1,3,4,0,0,0,1
2240,1,3,2,1,4,1,3,1,1,0,4,8,0,0,7
2242,1,3,2,1,0,1,3,1,1,2,4,0,2,0,1
2243,1,3,2,1,4,1,3,1,1,2,4,0,2,0,0
2244,2,2,2,1,4,1,3,1,1,0,4,0,2,0,4
2245,1,3,2,1,4,6,1,1,1,2,0,12,1,0,1
2247,1,3,2,1,4,1,3,1,1,2,4,0,2,0,0
2248,0,3,2,1,4,0,2,1,1,2,4,0,2,1,1
2254,1,3,2,1,4,1,1,0,0,0,0,8,3,0,1
2257,0,3,2,0,4,1,1,1,1,2,4,0,3,0,1
2261,0,3,2,1,4,0,0,1,1,0,4,0,3,0,7
2262,0,3,2,1,4,1,1,0,0,2,4,0,0,0,1
2264,1,3,3,1,0,1,3,1,1,2,4,0,3,0,1
2265,0,3,2,1,0,1,3,1,1,2,4,0,3,0,2
2268,0,3,2,1,4,1,2,1,1,2,4,8,2,0,7
2270,0,3,2,1,4,0,3,0,0,2,4,0,3,0,7
2271,1,2,2,0,4,0,3,1,1,2,4,0,3,0,7
2272,0,3,2,1,4,0,1,0,0,2,4,0,0,0,7
2273,0,3,2,1,4,0,1,0,0,2,4,0,3,0,1
2274,1,4,2,1,4,1,3,1,1,2,0,2,2,3,7
2275,0,3,2,0,0,1,2,1,1,2,4,0,3,0,1
2276,1,3,2,0,4,0,1,1,1,2,4,0,2,4,1
2277,1,3,2,1,4,1,3,1,1,2,0,0,4,1,1
2278,1,5,2,1,4,1,3,1,1,2,4,8,2,3,7
2279,1,3,2,1,4,1,3,1,1,2,4,0,4,0,0
2282,1,3,2,1,4,1,3,1,1,2,4,2,3,0,1
2286,0,3,2,1,4,0,2,1,1,0,4,0,3,0,1
2287,2,2,3,1,4,1,2,1,1,2,4,0,0,0,1
2288,1,3,2,1,4,0,3,1,1,1,4,8,2,0,2
2290,1,3,2,1,4,0,1,1,1,0,4,8,2,0,1
2293,0,3,2,1,4,1,3,0,0,1,4,8,3,0,1
2294,0,3,2,1,4,1,1,1,1,0,0,0,3,4,1
2295,1,3,2,1,0,1,3,1,1,2,4,0,0,0,0
2296,0,3,2,1,4,1,2,0,0,2,4,0,3,0,0
2297,2,3,3,1,4,1,3,1,1,2,4,0,2,0,7
2299,1,3,2,1,0,1,4,1,1,0,4,0,3,0,0
2302,0,2,3,0,4,0,1,1,1,2,0,0,2,0,1
2305,1,3,2,1,4,1,3,1,1,2,4,8,4,6,1
2308,0,3,3,1,0,2,1,0,0,2,4,0,0,0,1
2309,0,3,2,1,0,1,1,1,1,2,4,0,3,0,1
2310,1,3,3,1,4,1,4,1,1,2,4,0,4,6,0
2313,0,3,2,0,4,0,2,1,1,2,4,0,3,0,1
2315,1,3,2,1,4,1,3,1,1,2,4,0,2,0,2
2316,1,3,3,1,4,0,3,1,1,2,4,8,0,0,0
2317,2,3,2,1,4,6,2,2,2,3,4,12,2,6,1
2325,0,2,2,1,4,0,2,1,1,2,4,0,2,0,7
2326,1,4,2,2,4,1,3,1,1,0,4,3,9,2,1
2329,1,3,2,1,4,6,5,1,1,2,4,0,2,6,0
2330,0,4,3,1,4,4,2,0,0,3,4,8,2,1,0
2331,1,3,2,1,4,1,2,1,1,2,4,0,3,0,0
2333,0,3,2,1,4,1,3,1,1,2,4,0,3,0,1
2338,0,3,2,1,4,1,1,1,1,2,4,8,2,1,0
2339,0,3,2,1,4,0,2,0,0,2,4,8,2,6,1
2341,0,3,3,0,4,0,2,1,1,2,4,0,0,0,1
2345,1,3,2,1,4,1,3,1,1,2,4,0,2,0,0
2349,1,3,2,1,4,1,3,1,1,3,4,10,0,0,7
2351,2,2,2,0,4,6,3,2,2,3,0,0,3,0,7
2354,0,3,2,1,4,1,1,2,2,2,4,8,2,0,1
2355,0,3,2,1,4,1,2,0,0,2,4,8,0,0,7
2356,1,3,3,1,4,1,3,1,1,2,4,6,4,4,7
2361,1,3,2,1,4,0,3,1,1,2,4,10,3,0,0
2362,0,3,2,1,4,6,5,2,2,0,4,0,2,0,1
2364,1,3,2,1,4,6,5,1,1,2,0,2,0,0,1
2365,2,8,2,1,4,6,5,2,2,3,4,10,2,0,1
2366,2,8,2,1,4,6,5,2,2,3,3,10,2,6,8
2368,1,3,2,0,4,6,5,1,1,2,4,6,6,0,1
2369,0,3,3,1,4,1,2,1,1,2,4,0,3,0,1
2371,0,3,2,1,4,0,2,2,2,2,4,0,2,0,7
2372,0,3,2,1,4,0,1,2,2,2,4,0,3,0,1
2374,0,3,3,1,4,5,5,0,2,2,4,0,2,0,8
2375,2,8,4,3,4,6,5,2,2,3,4,12,2,6,8
2390,1,2,3,1,4,1,3,1,1,0,4,0,3,0,7
2391,0,2,2,1,4,1,2,1,1,1,4,0,2,0,1
2394,1,3,2,1,0,1,3,1,1,2,3,0,2,0,0
2397,1,7,2,1,4,4,3,1,1,3,4,0,2,4,1
2398,1,5,2,1,4,1,2,1,1,2,4,1,9,6,2
2399,2,3,2,1,4,0,1,1,1,2,4,8,2,0,1
2400,1,3,2,1,4,1,3,1,1,2,4,0,0,4,7
2401,1,3,2,1,4,2,3,1,1,2,4,0,3,4,7
2404,1,3,2,1,4,0,3,1,1,2,4,0,0,0,0
2412,1,3,2,1,4,1,1,1,1,1,4,0,2,4,1
2415,0,3,2,1,4,5,5,2,2,1,0,0,2,0,6
2416,0,2,2,1,4,0,1,1,1,0,0,0,2,0,7
2420,1,3,2,1,4,1,4,1,1,2,4,12,2,0,7
2422,1,3,2,1,4,1,3,1,1,2,4,2,2,0,0
2423,0,3,3,1,4,0,1,2,2,2,0,0,2,0,1
2428,1,3,3,1,4,1,3,1,1,0,4,12,2,0,0
2429,1,3,2,1,4,0,1,1,1,2,4,8,2,0,7
2431,1,3,2,1,4,6,3,1,1,2,4,2,2,0,0
2436,0,3,2,1,1,0,2,1,1,2,4,8,2,0,7
2437,2,8,2,1,4,6,5,2,2,3,4,10,2,6,7
2441,0,3,3,0,4,1,2,1,1,0,4,0,0,1,1
2443,1,3,2,1,4,1,3,1,1,2,4,6,6,4,7
2454,1,4,2,2,0,1,2,1,1,0,3,3,9,6,2
2458,0,3,2,1,4,0,1,0,1,0,4,8,2,1,7
2459,0,3,3,1,4,6,1,0,2,1,0,0,2,3,7
2460,1,4,2,1,0,1,3,1,1,2,4,6,6,4,7
2462,1,6,2,1,4,1,2,1,1,0,0,0,2,6,0
2466,0,3,2,1,4,0,3,0,0,2,4,0,0,0,1
2469,0,3,3,1,4,0,2,1,1,2,4,12,3,0,1
2470,1,2,3,1,4,1,3,1,1,1,4,6,3,0,1
2471,0,4,2,1,4,5,5,2,2,0,0,0,3,0,7
2472,0,4,3,1,4,0,0,2,2,2,4,8,2,1,7
2474,1,3,2,1,4,1,3,1,1,0,4,11,3,0,1
2481,1,3,2,1,4,1,2,1,1,2,4,0,2,1,7
2482,2,3,2,1,0,1,1,1,1,0,0,0,3,0,1
2485,1,2,2,1,4,1,3,1,1,2,4,2,3,0,1
2486,0,3,2,1,4,1,1,0,0,0,0,10,2,0,1
2491,1,3,2,1,4,0,3,1,1,2,0,10,1,0,7
2492,0,3,2,1,0,1,2,1,1,2,4,8,0,0,7
2493,1,4,2,1,0,1,1,1,1,0,4,8,2,0,0
2494,1,3,2,1,4,1,2,1,1,0,4,8,0,0,0
2499,0,3,2,1,4,0,1,1,1,0,4,10,2,0,1
2504,2,6,3,1,0,1,2,1,1,1,4,8,2,4,0
2505,1,3,2,1,4,1,3,1,1,2,4,8,3,0,7
2535,1,3,2,1,0,5,1,1,1,3,4,6,0,0,7
2536,1,3,2,1,4,1,3,1,1,2,4,12,2,0,0
2537,1,3,2,1,0,1,3,1,1,0,4,12,2,1,2
2538,0,3,2,1,4,6,5,2,2,2,4,0,3,0,3
2540,2,3,2,0,4,1,5,1,1,0,4,0,2,1,7
2542,2,3,2,1,4,1,2,1,1,0,3,8,2,0,7
2545,2,2,2,1,4,0,3,1,1,1,4,0,0,0,0
2546,2,8,2,1,4,6,5,2,2,3,4,0,2,0,0
2547,1,2,2,0,4,0,1,1,1,0,0,8,3,0,1
2548,0,3,2,1,4,0,1,2,2,2,4,0,2,0,7
2550,2,3,2,1,4,6,5,2,2,2,0,0,2,0,1
2551,2,8,3,1,4,6,5,2,2,3,4,12,9,6,0
2554,1,3,2,1,4,0,3,1,1,2,4,0,0,0,2
2556,1,3,2,1,4,2,3,1,1,2,4,0,3,0,0
2557,1,3,2,1,0,1,3,1,1,0,4,0,6,4,0
2560,2,3,2,1,4,1,3,1,1,2,4,0,3,0,6
2561,2,3,2,0,4,6,3,1,1,2,4,0,2,0,7
2563,1,3,2,1,4,0,3,1,1,2,4,0,2,0,1
2566,0,3,2,1,4,0,2,0,0,2,4,0,2,0,7
2570,2,3,2,0,4,1,3,1,1,2,0,0,4,6,7
2572,1,3,2,1,0,1,1,1,1,2,4,0,2,0,5
2573,0,3,2,1,4,0,1,0,0,2,4,0,0,6,1
2575,1,3,2,1,4,1,2,1,1,2,1,6,6,0,1
2576,1,3,3,1,4,1,3,1,1,0,4,1,0,0,1
2578,2,3,2,1,4,1,2,0,1,0,0,8,2,0,0
2580,2,3,2,1,4,0,3,1,1,2,4,0,2,0,7
2584,0,3,2,1,4,1,3,2,2,2,4,0,9,6,1
2585,2,8,2,1,4,6,5,1,1,2,4,0,3,0,7
2587,1,3,2,1,4,6,5,1,1,2,4,3,2,0,7
2596,2,3,2,1,4,0,1,1,1,2,4,10,3,6,1
2598,1,3,2,1,0,1,2,1,1,0,4,6,0,0,0
2599,1,3,2,1,0,1,3,1,1,0,4,0,0,0,7
2600,0,3,2,1,4,0,1,0,1,0,4,8,2,1,0
2604,2,3,2,1,4,0,1,1,1,0,4,0,0,0,1
2606,0,3,2,1,4,0,1,1,1,2,4,0,2,0,1
2609,1,2,2,1,0,1,4,1,1,2,4,8,3,0,7
2611,1,3,2,0,4,1,3,1,1,0,4,0,0,0,1
2612,2,3,3,1,4,0,3,0,0,2,4,0,0,0,1
2617,2,3,2,1,4,1,1,1,1,0,4,0,0,0,7
2622,1,3,2,1,4,0,3,1,1,2,4,0,2,0,1
2624,1,2,2,0,4,0,2,1,1,2,4,0,2,0,0
2626,1,3,3,0,4,0,3,1,1,2,4,0,3,0,7
2627,1,4,3,1,4,4,1,1,1,0,4,8,2,1,7
2629,0,3,2,1,4,0,1,1,1,2,4,0,0,0,7
2630,2,3,2,1,4,0,1,1,1,2,4,8,2,0,1
2631,1,3,2,1,0,1,3,1,1,2,4,8,2,0,1
2634,0,3,3,1,4,6,5,2,2,3,4,3,2,0,8
2635,2,2,2,1,4,1,3,1,1,2,4,0,2,0,1
2636,2,3,2,1,4,6,5,2,2,2,4,12,3,0,7
2639,2,3,2,1,4,0,1,1,1,2,4,2,2,0,1
2640,1,3,2,1,4,1,3,1,1,2,4,0,3,0,1
2641,1,3,2,1,4,1,3,1,1,3,4,6,0,4,1
2643,0,2,2,0,4,1,2,1,1,2,4,0,2,0,1
2645,2,3,2,0,4,0,1,1,1,2,4,0,2,0,1
2646,0,3,2,1,4,0,1,0,0,1,4,0,3,0,1
2647,0,3,2,1,4,1,1,0,0,2,4,0,0,0,5
2649,1,3,3,1,4,0,1,1,1,2,4,8,2,1,1
2651,1,3,3,1,4,1,4,1,1,2,4,0,3,0,7
2656,1,3,3,1,4,1,3,1,1,2,4,0,9,0,0
2659,0,3,2,1,4,1,2,1,1,2,4,0,2,6,1
2661,1,3,2,1,4,1,3,1,1,0,4,6,2,0,1
2662,1,3,2,0,4,1,3,1,1,2,4,0,3,0,1
2663,0,3,2,1,4,1,1,2,2,2,4,8,2,1,1
2664,1,2,2,0,4,0,2,1,1,0,4,0,3,0,1
2665,1,3,2,1,4,1,3,1,1,2,4,0,3,0,1
2669,2,3,2,0,4,1,1,1,1,2,0,0,2,0,0
2670,0,3,2,1,4,6,5,2,2,2,0,0,3,0,0
2671,1,3,2,1,4,1,3,1,1,2,4,0,2,4,0
2673,0,3,2,1,4,1,2,0,0,0,0,0,3,0,1
2679,2,3,2,1,4,6,5,2,2,2,0,3,2,0,7
2682,0,3,2,1,4,1,2,2,2,2,4,0,3,0,7
2684,0,3,2,1,4,1,2,2,2,2,4,0,3,0,7
2689,0,3,2,1,4,1,2,2,2,2,4,0,3,0,7
2690,0,3,2,1,4,1,2,2,2,2,4,0,3,0,7
2710,0,4,3,1,4,2,2,1,1,2,4,9,2,1,3
2720,1,3,3,1,0,1,3,1,1,3,4,12,2,3,0
2722,1,3,2,1,4,1,3,1,1,2,4,2,3,0,1
2724,0,3,2,1,4,1,2,1,1,2,4,3,2,0,1
2726,1,3,2,1,4,1,3,1,1,2,4,8,2,1,0
2729,1,4,2,1,4,1,2,1,1,0,0,2,2,0,1
2732,1,3,2,1,4,1,3,1,1,0,4,12,2,0,2
2733,0,3,2,1,4,6,2,1,1,1,4,8,2,1,4
2736,2,0,0,1,4,5,5,1,1,2,0,0,3,0,7
2738,1,3,2,1,4,0,3,1,1,2,4,0,2,0,1
2739,0,3,3,1,4,0,1,1,1,2,4,8,2,0,1
2743,1,4,3,1,4,0,0,1,1,0,4,8,0,1,1
2746,0,3,3,1,4,4,1,0,0,0,4,8,2,1,1
2748,0,4,3,1,4,1,2,0,0,2,4,8,2,1,0
2753,0,3,2,1,0,1,2,1,1,2,4,0,2,0,0
2755,0,3,3,1,4,1,2,1,1,2,4,8,0,0,1
2758,1,2,2,0,4,1,3,1,1,2,4,6,6,0,1
2759,2,3,2,1,4,0,2,0,0,2,0,0,3,0,1
2762,0,3,2,1,4,5,5,2,2,1,0,8,2,0,0
2768,0,3,2,1,4,1,2,1,1,0,4,0,3,0,6
2771,1,3,2,1,4,1,3,1,1,1,0,0,0,0,2
2772,1,2,2,0,4,1,3,1,1,2,0,4,3,0,5
2773,1,4,2,1,0,1,2,1,1,2,4,12,6,0,1
2775,1,3,2,1,4,0,3,1,1,2,4,0,2,0,1
2776,0,3,3,1,0,1,1,1,1,2,0,0,2,0,1
2777,1,3,2,1,0,1,3,1,1,1,4,0,3,4,2
2779,1,3,2,1,4,1,3,1,1,2,4,6,6,4,7
2780,0,3,2,1,4,1,2,1,1,2,4,0,3,0,0
2781,0,3,2,1,4,0,1,2,2,0,0,0,3,0,1
2783,1,4,2,1,4,1,3,1,1,2,4,0,0,4,2
2784,1,3,2,1,4,1,4,1,1,1,4,0,2,0,0
2789,0,3,2,1,4,1,2,1,1,2,4,0,3,0,1
2792,0,3,2,1,4,1,1,2,2,0,4,0,2,0,7
2800,1,3,2,1,0,1,3,1,1,1,4,6,6,4,0
2801,0,4,2,1,4,0,1,2,2,2,0,0,2,0,7
2803,1,3,2,1,4,1,3,1,1,1,0,0,9,6,0
2804,0,3,2,1,4,0,1,2,2,2,0,0,3,0,7
2811,0,3,2,1,4,0,1,2,2,2,4,0,2,0,1
2812,2,3,2,1,4,1,3,1,1,2,0,0,2,0,1
2813,0,3,2,1,4,1,2,1,1,2,4,0,2,0,7
2816,1,3,2,1,0,1,3,1,1,2,4,8,3,0,7
2824,0,3,3,1,4,1,3,1,1,2,4,8,2,3,0
2826,0,3,2,0,0,1,2,1,1,2,4,0,3,0,7
2827,1,3,2,1,4,1,3,1,1,2,4,0,3,0,0
2828,0,3,3,1,4,1,3,1,1,2,0,8,2,1,7
2829,0,2,2,0,4,1,2,1,1,2,4,0,2,0,7
2835,0,3,2,1,4,1,2,2,2,2,4,8,3,1,0
2837,0,3,3,1,4,1,1,1,1,2,4,0,3,3,7
2838,1,3,2,2,4,1,3,1,1,1,4,6,6,4,0
2839,2,3,3,1,4,0,1,1,1,2,0,3,2,3,4
2842,1,3,2,1,4,0,2,1,1,0,4,8,2,0,7
2843,1,2,2,1,4,0,2,1,1,0,4,8,2,0,1
2849,1,3,2,1,0,1,3,1,1,2,4,10,1,0,1
2852,0,4,2,1,4,6,5,1,2,3,0,8,3,3,7
2853,0,3,2,1,4,0,1,1,1,0,4,0,2,6,1
2854,2,3,3,1,4,1,2,1,1,0,4,0,0,0,1
2856,1,3,2,1,4,0,3,1,1,2,4,8,2,0,2
2857,1,3,2,1,4,1,3,1,1,0,4,0,2,0,1
2864,1,3,2,1,4,0,3,1,1,2,4,2,9,6,1
2865,0,3,2,1,4,0,1,2,2,2,0,2,2,0,7
2867,1,3,2,1,4,1,3,1,1,2,4,0,2,0,1
2868,1,3,2,1,2,0,3,1,1,2,0,1,2,6,2
2869,0,3,3,1,4,6,5,2,2,3,4,2,2,3,1
2871,2,3,2,0,4,6,5,2,2,3,4,0,0,0,1
2872,0,2,2,0,4,5,5,1,1,3,0,0,2,0,1
2873,0,4,2,1,0,1,1,0,0,0,4,8,2,0,7
2874,0,3,2,1,4,0,1,1,1,0,0,0,2,0,1
2875,0,3,2,1,0,1,1,1,1,2,4,8,2,0,1
2876,1,3,2,1,4,1,3,1,1,3,4,2,4,3,7
2880,1,4,2,0,4,1,3,1,1,2,4,1,0,0,2
2882,0,3,2,1,4,0,1,0,0,3,4,0,0,0,1
2884,1,2,2,0,4,1,3,1,1,2,4,2,1,1,7
2885,0,3,2,1,4,0,5,0,0,3,0,0,0,6,1
2888,1,3,2,1,4,0,3,1,1,2,4,0,2,0,0
2896,0,3,2,1,4,1,3,2,2,2,0,8,3,4,7
2903,1,3,2,0,4,1,3,1,1,2,4,0,2,1,0
2908,0,3,2,1,0,0,1,1,1,2,4,0,2,0,7
2912,0,3,3,1,4,6,5,2,2,3,4,0,3,0,7
2914,1,3,2,1,4,1,2,1,1,2,4,0,3,0,7
2920,1,3,2,1,0,2,3,1,1,2,4,6,3,4,2
2924,1,3,2,1,4,0,3,1,1,2,4,0,1,0,1
2926,1,3,2,1,4,0,3,1,1,2,4,0,2,0,0
2931,1,3,3,1,4,0,2,1,1,2,4,0,3,4,0
2932,1,3,2,1,4,6,5,1,1,0,0,2,2,0,0
2934,1,3,2,1,4,1,2,1,1,2,4,0,2,0,7
2937,0,3,3,1,4,0,1,2,2,3,4,10,2,0,7
2938,0,3,2,1,4,0,2,1,1,2,4,0,2,0,1
2940,0,2,2,1,4,6,5,2,2,3,4,0,3,0,1
2944,1,3,2,0,4,1,3,1,1,2,4,1,2,0,0
2946,2,3,2,1,4,6,5,2,2,3,4,2,0,3,7
2947,2,3,2,1,4,6,3,1,1,2,4,12,4,0,8
2948,0,3,2,1,4,0,2,1,0,2,4,0,3,0,1
2949,1,4,2,1,4,1,3,1,1,2,3,8,3,1,0
2950,1,3,2,1,4,0,3,1,1,0,4,0,0,0,1
2953,1,3,2,1,4,0,3,1,1,2,4,0,0,0,1
2958,1,3,2,1,4,1,3,1,1,0,4,0,3,0,1
2959,1,3,2,1,4,1,3,1,1,2,4,0,1,0,2
2961,1,3,2,1,4,1,3,1,1,0,4,2,1,0,2
2962,0,3,2,1,4,1,3,2,2,2,4,0,0,0,1
2963,0,3,2,1,4,1,1,1,1,0,4,2,0,1,1
2965,0,6,2,1,0,4,1,0,0,0,0,8,2,1,1
2966,0,5,2,2,4,1,1,0,0,1,4,8,2,1,1
2968,0,3,2,1,0,1,2,1,1,2,4,0,3,0,7
2971,2,3,2,1,4,0,3,1,1,2,4,12,2,0,7
2972,2,3,2,1,0,1,1,1,1,2,4,8,2,0,1
2978,1,2,2,1,4,1,4,1,1,2,4,0,4,0,2
2980,0,3,2,1,4,1,2,1,1,0,4,0,3,0,1
2983,0,4,3,1,0,0,0,0,0,1,0,8,2,1,7
2984,2,3,3,1,4,0,1,1,1,3,4,0,3,0,1
2987,1,3,2,1,4,0,3,1,1,2,4,8,2,4,0
2989,2,3,3,1,4,0,1,0,0,2,4,2,0,0,7
2990,0,3,2,1,4,0,1,2,2,2,0,0,2,0,0
2991,0,3,2,1,4,0,5,2,2,3,0,7,9,0,7
2992,1,3,2,0,4,0,2,1,1,2,4,0,3,0,1
2993,1,3,2,1,4,1,3,1,1,2,4,0,3,0,1
2995,0,3,2,1,4,1,2,0,0,2,4,8,2,0,1
3001,0,3,2,1,4,1,3,1,1,0,0,8,0,0,1
3003,0,3,2,1,4,1,2,1,1,2,4,0,3,0,1
3007,0,3,2,1,4,6,5,2,2,2,4,0,0,0,1
3008,1,3,2,1,4,1,3,1,1,2,4,0,2,0,7
3011,1,3,2,1,4,1,3,1,1,2,4,8,4,4,2
3013,0,3,2,1,4,1,1,1,1,2,4,0,2,0,1
3015,0,4,2,1,4,4,1,2,2,2,4,0,3,0,1
3018,1,3,2,1,4,0,4,1,1,2,4,10,9,6,0
3020,0,3,2,1,4,6,2,1,1,0,4,8,2,1,0
3023,0,3,3,1,4,1,1,1,1,2,4,8,2,1,0
3025,0,3,2,1,4,0,1,1,1,2,4,1,3,0,1
3026,0,3,2,1,4,0,0,0,0,2,1,0,2,0,1
3029,1,3,2,1,0,1,2,1,1,2,4,8,2,0,7
3030,0,3,2,2,4,0,2,0,0,2,4,0,2,0,1
3034,2,8,3,2,4,6,5,1,1,2,4,11,3,0,7
3039,0,2,2,1,4,0,2,0,0,2,4,0,3,0,1
3040,1,3,2,1,4,1,3,1,1,0,4,1,0,0,1
3044,1,3,2,1,4,1,3,1,1,3,4,0,2,3,0
3045,0,3,2,1,4,0,2,1,1,2,4,8,2,0,1
3046,0,3,2,1,4,1,5,2,2,2,0,0,3,0,1
3048,1,3,2,1,4,1,3,1,1,2,4,0,0,3,7
3049,2,3,2,1,4,6,5,2,2,3,0,2,3,0,1
3050,1,3,3,1,4,0,1,0,1,2,4,0,0,0,7
3052,1,3,2,1,4,6,5,1,1,3,0,2,2,0,0
3058,0,3,2,1,4,0,1,1,1,0,4,0,2,0,0
3060,0,3,3,0,4,0,1,2,2,2,4,0,3,0,1
3065,2,8,4,3,4,6,5,2,2,3,4,12,9,6,8
3072,2,8,4,3,4,6,5,2,2,3,4,12,9,6,8
3081,2,8,4,3,4,6,5,2,2,3,4,12,9,6,8
3083,2,8,4,3,4,6,5,2,2,3,4,12,9,6,8
3088,2,8,4,3,4,5,1,2,2,2,4,12,9,6,8
3091,2,8,4,3,4,6,5,2,2,3,4,0,9,9,8
3093,2,8,4,3,4,6,5,2,2,3,4,12,9,6,8
3096,2,8,4,3,4,6,5,2,2,3,4,12,9,6,8
3106,2,3,2,1,4,1,3,1,1,1,4,0,2,0,7
3107,0,8,4,3,4,5,5,2,2,2,4,0,9,6,1
3112,0,8,4,3,4,0,1,2,2,2,4,12,9,0,1
3113,2,8,4,3,4,6,5,2,2,3,4,12,9,1,7
3114,2,8,4,3,4,6,5,2,2,2,2,4,12,2,6
3118,0,3,2,1,4,0,2,1,1,2,4,0,3,0,1
3119,2,8,4,3,4,6,5,2,2,3,4,12,9,6,8
3136,0,8,4,3,4,0,1,2,2,2,4,0,12,3,6
3145,0,3,2,1,4,0,2,0,0,0,0,0,2,0,7
3154,1,3,2,1,4,6,3,1,1,2,4,1,2,0,1
3162,2,3,2,1,4,1,2,0,1,2,0,0,3,0,7
3166,2,8,4,1,4,0,5,2,2,2,4,10,2,1,1
3169,2,3,2,0,4,0,1,1,1,2,4,10,0,0,0
3182,2,8,4,3,4,6,5,2,2,3,4,12,9,6,8
3191,2,8,4,3,4,6,5,2,2,3,4,12,9,6,8
3192,2,8,4,3,4,6,5,2,2,3,4,12,9,6,8
3193,2,3,2,1,4,6,2,1,1,2,0,2,2,0,7
3215,2,8,4,3,4,6,5,2,2,3,4,12,9,6,8
3224,2,8,4,3,1,6,5,2,2,2,4,0,9,0,8
3225,2,8,4,3,4,6,5,2,2,3,4,12,9,6,8
3238,2,2,4,1,4,1,2,0,0,2,4,3,0,0,7
3239,2,3,2,1,4,0,1,1,1,2,4,0,3,0,7
3244,2,3,2,1,4,6,5,1,1,2,4,0,0,0,1
3261,2,3,2,0,4,1,3,1,1,2,4,0,3,0,1
3262,2,8,2,1,4,0,1,1,1,2,4,3,2,1,7
3264,2,8,4,3,4,6,5,2,2,3,4,12,9,6,8
3270,2,3,3,1,4,0,1,1,1,2,4,0,3,0,1
3272,2,3,2,1,4,6,2,1,1,2,4,10,2,0,1
3289,2,3,3,1,4,0,2,1,1,0,4,8,2,0,7
3290,2,3,2,1,4,0,1,0,0,2,4,2,0,0,0
3291,2,8,4,3,4,6,5,2,2,2,4,12,9,6,8
3300,2,8,4,3,4,6,5,2,2,3,4,12,9,6,8
3304,1,4,2,1,4,1,2,1,1,2,4,2,0,3,2
3309,0,3,2,1,4,0,2,1,1,2,0,0,2,0,7
3318,2,8,4,3,4,6,5,2,2,3,4,12,9,6,8
3321,2,8,4,3,4,6,5,2,2,3,4,12,9,6,8
3325,2,8,4,3,4,6,5,2,2,3,4,12,9,6,8
3327,2,8,4,3,4,6,5,2,2,3,4,12,9,6,8
3342,0,4,2,1,4,0,2,2,2,2,0,0,2,0,7
3345,2,8,4,3,4,6,5,2,2,3,4,12,9,6,8
3346,2,8,4,3,4,6,5,2,2,3,4,12,9,6,8
3347,2,8,4,3,4,6,5,2,2,3,4,12,9,6,8
3349,2,8,4,3,4,6,5,2,2,3,4,12,9,6,8
3352,0,2,2,1,4,6,5,2,2,2,0,10,0,0,1
3358,2,8,4,3,4,6,5,2,2,3,4,12,2,0,7
3361,3,2,2,0,4,6,3,1,1,2,0,3,2,3,8
3364,1,3,2,1,4,5,5,1,1,2,0,3,3,4,7
3370,2,2,2,1,4,6,3,1,1,2,4,12,2,0,1
3372,2,3,3,1,4,5,5,2,2,3,0,0,3,0,7
3384,2,3,2,1,4,6,5,1,1,2,4,0,9,0,7
3385,2,8,4,3,4,6,5,2,2,3,4,12,9,6,8
3386,2,8,4,3,4,6,5,2,2,3,4,12,9,6,8
3388,2,8,4,3,4,6,5,2,2,3,4,12,9,6,8
3395,0,3,2,1,4,6,2,1,1,2,4,0,2,0,7
3400,2,3,2,1,4,0,1,1,1,0,4,0,3,4,7
3407,2,8,4,3,4,6,5,2,2,3,4,12,9,6,8
3417,1,3,2,1,4,6,3,1,1,2,4,0,2,1,7
3430,2,3,2,1,4,6,5,1,1,2,4,0,2,0,7
3438,2,8,4,3,4,6,5,2,2,3,4,12,9,6,8
3441,1,3,2,1,4,0,1,1,1,2,4,9,2,0,0
3446,0,3,3,1,4,0,1,0,2,2,4,0,2,0,1
3448,0,2,2,1,4,0,1,1,1,2,4,0,3,0,7
3460,2,8,2,1,4,6,5,2,2,3,4,10,2,3,7
3462,1,3,4,1,4,1,3,1,1,2,4,0,2,0,0
3465,0,8,4,3,4,6,5,2,2,2,4,12,9,6,8
3467,0,2,2,1,4,0,2,1,1,2,4,0,2,0,1
3477,2,3,2,1,4,0,1,0,1,2,4,2,0,0,1
3480,2,3,2,1,4,0,2,1,1,2,4,8,2,0,1
3482,2,3,3,1,4,1,1,1,1,2,4,2,1,3,0
3484,2,8,4,3,4,6,5,2,2,3,4,12,9,6,8
3487,2,3,3,1,4,6,3,1,1,2,4,1,2,3,7
3489,2,8,4,3,4,6,5,2,2,3,4,12,9,6,8
3492,0,8,4,3,4,6,5,2,2,3,4,12,9,6,8
3493,1,3,2,1,4,0,1,1,1,2,4,0,3,0,2
3496,2,8,4,3,4,6,5,2,2,3,4,12,9,6,8
3497,2,3,2,1,4,6,1,1,1,2,4,0,3,0,7
3500,2,7,2,1,4,4,2,1,1,2,4,8,2,1,0
3508,2,8,4,3,4,6,5,2,2,3,4,12,9,6,8
3514,1,1,2,1,4,0,4,1,1,2,4,7,3,0,8
3529,2,8,4,3,4,6,5,2,2,3,4,12,9,6,7
3532,2,8,4,3,4,6,5,2,2,3,4,12,9,6,8
3538,2,8,4,3,4,6,5,2,2,3,4,12,9,6,7
3540,2,2,2,1,4,6,5,2,2,2,4,0,2,0,1
3541,2,3,2,1,4,0,3,1,1,2,4,2,1,0,1
3546,2,8,3,1,4,5,5,1,1,2,4,10,2,0,1
3555,1,3,2,1,4,6,5,1,1,2,0,8,2,0,1
3569,0,3,3,1,4,6,5,2,2,2,4,0,0,0,7
3574,1,2,3,1,4,1,3,1,1,2,4,0,2,0,0
3582,2,8,4,3,4,6,5,2,2,3,4,12,9,6,8
3605,2,8,4,3,4,6,5,2,2,3,4,12,9,6,8
3606,2,3,2,1,4,6,5,1,1,2,4,0,2,0,7
3607,2,3,2,1,4,1,2,1,1,2,4,8,2,3,1
3609,2,8,4,3,4,6,5,2,2,3,4,12,9,6,8
3610,0,8,4,3,4,1,1,2,2,2,4,12,0,6,1
3621,2,8,4,3,4,6,5,2,2,3,4,12,9,6,8
3630,0,1,2,1,4,0,1,1,1,2,4,0,3,9,0
3632,0,3,2,1,4,0,1,0,0,0,4,10,2,0,1
3637,0,3,2,1,4,0,1,2,2,2,4,0,3,0,7
3638,0,8,4,3,4,6,5,2,2,2,4,12,9,6,8
3642,2,8,4,3,4,6,5,2,2,3,4,12,9,6,8
3643,2,8,4,3,4,6,5,2,2,3,4,12,9,6,8
3647,2,8,4,3,4,5,1,2,2,2,4,0,2,9,1
3658,0,8,4,3,4,6,5,2,2,2,4,0,3,6,7
3662,2,2,2,1,0,1,3,1,0,0,4,0,2,0,7
3667,2,4,2,1,4,0,2,1,1,2,3,0,3,0,1
3668,0,3,3,1,4,0,1,1,1,2,4,0,0,0,7
3672,2,3,2,1,4,0,1,1,1,2,4,0,0,0,1
3684,2,2,2,1,4,6,5,2,2,3,4,0,2,0,1
3685,1,3,2,1,4,0,4,1,1,2,4,0,3,0,0
3709,2,8,2,0,4,6,5,1,1,2,4,0,3,0,1
3712,2,8,4,3,4,6,5,2,2,3,4,12,9,6,8
3715,1,2,4,1,4,1,3,2,1,2,4,0,9,0,8
3718,2,3,4,1,4,0,5,2,2,3,0,8,2,5,0
3725,0,3,2,1,4,0,2,2,2,2,4,8,2,0,1
3727,2,8,2,1,4,0,2,1,1,0,4,0,2,0,1
3736,2,8,4,3,4,6,5,2,2,3,4,12,9,6,8
3738,2,8,4,3,4,5,5,2,2,2,3,12,9,6,8
3742,2,3,3,1,4,6,5,1,1,2,4,10,3,0,1
3744,1,2,2,1,4,6,5,1,1,2,4,0,0,0,1
3746,2,8,4,3,4,6,5,2,2,3,4,12,9,6,8
3754,0,8,4,3,4,6,5,2,2,3,4,12,9,6,8
3764,0,2,2,1,4,0,1,1,1,2,4,0,0,0,8
3765,3,3,2,1,4,6,5,1,1,2,4,12,3,4,7
3766,2,3,2,1,4,0,5,1,1,2,4,0,0,3,0
3771,2,3,2,1,4,0,3,1,1,2,4,0,2,0,7
3779,2,8,4,3,4,6,5,2,2,3,4,12,9,6,8
3783,2,3,2,1,4,6,5,1,1,2,4,0,9,0,7
3784,2,8,2,1,4,0,2,1,1,2,4,12,2,0,1
3789,2,3,3,1,4,0,3,1,1,2,4,0,0,0,1
3796,2,3,2,1,4,0,1,1,1,2,0,0,3,0,1
3802,0,2,4,1,4,1,1,2,1,2,4,8,0,0,8
3804,0,3,2,1,4,0,1,2,2,2,4,0,2,0,7
3806,0,3,2,1,4,0,1,1,1,3,4,8,2,3,1
3809,2,3,3,1,4,0,1,2,2,2,4,8,2,0,1
3810,0,2,2,1,4,5,1,2,2,2,4,12,0,0,8
3819,2,8,4,3,4,6,5,2,2,3,4,12,9,6,8
3821,2,8,4,3,4,6,5,2,2,3,4,12,9,6,8
3823,2,3,2,1,4,0,3,1,1,2,4,0,2,3,7
3828,2,2,2,1,4,0,1,1,1,2,4,0,3,0,1
3844,2,8,4,3,4,6,5,2,2,2,4,12,9,6,0
3845,2,8,2,1,4,0,1,1,1,2,0,0,0,0,8
3850,0,3,2,1,4,1,1,0,0,2,4,0,0,0,1
3860,0,3,2,1,4,0,1,1,1,2,4,10,3,0,1
3862,2,8,4,3,4,6,5,2,2,3,4,12,9,6,8
3863,2,8,4,3,4,6,5,2,2,3,4,12,9,6,8
3864,2,8,4,3,4,6,5,2,2,3,4,12,9,6,8
3870,1,3,3,1,4,1,3,1,1,2,4,0,0,0,0
3879,2,3,2,0,4,1,3,1,1,2,4,0,3,0,1
3884,0,3,2,1,4,0,3,1,1,2,4,0,3,0,1
3885,2,3,2,1,4,6,1,1,1,2,4,8,2,0,0
3888,1,3,2,1,4,1,3,1,1,2,4,2,2,4,0
3889,2,3,3,1,4,0,2,1,1,2,4,2,0,0,7
3891,2,8,4,3,4,6,5,2,2,3,4,12,9,6,8
3900,0,8,4,3,4,6,1,2,2,2,0,0,12,3,6
3907,0,8,4,3,4,6,5,2,2,2,4,12,9,6,8
3917,2,3,2,1,4,6,1,1,1,2,4,0,3,0,7
3922,0,2,2,1,4,0,2,0,0,1,4,0,2,1,7
3932,2,3,3,1,4,1,3,1,1,2,4,8,2,0,7
3955,2,8,4,3,4,5,5,2,2,2,4,12,9,6,8
3963,2,8,2,1,4,6,1,2,2,2,4,0,2,0,7
3971,2,3,2,1,4,1,3,1,1,2,4,0,0,0,1
3982,2,8,4,3,4,6,5,2,2,3,4,12,9,6,8
3983,2,8,4,3,4,6,5,2,2,3,4,12,0,6,8
3988,2,3,2,1,4,4,2,1,1,2,4,0,2,0,8
3990,0,3,2,1,4,6,5,2,2,2,4,8,2,6,3
4000,2,3,2,1,4,6,5,1,1,2,4,12,2,0,7
4018,1,3,2,1,4,1,3,1,1,0,4,6,2,0,1
4025,2,8,4,3,4,6,5,2,2,3,4,12,9,6,8
4038,2,3,2,1,4,1,3,1,1,2,4,0,0,0,7
4043,2,3,3,1,4,6,5,2,2,3,4,10,2,4,1
4044,2,8,2,1,4,0,2,1,1,2,4,0,2,0,7
4056,2,8,4,3,4,6,5,2,2,3,4,12,9,6,8
4060,2,8,4,3,4,6,5,2,2,3,4,12,9,6,8
4061,2,8,4,3,4,6,5,2,2,3,4,12,9,6,8
4064,2,8,4,3,4,6,5,2,2,3,4,12,9,6,8
4069,0,8,4,3,4,0,1,2,2,2,4,0,9,0,1
4077,2,8,2,1,4,6,5,2,2,3,4,12,9,6,7
4079,2,8,4,3,4,6,5,2,2,3,4,12,9,6,8
4087,2,8,4,3,4,6,5,2,2,3,4,12,9,6,8
4091,2,8,4,2,4,6,5,2,2,3,3,3,2,4,8
4093,0,8,4,3,4,0,1,2,2,2,4,0,9,0,1
4095,2,8,4,3,4,6,5,2,2,3,4,12,9,6,7
4107,0,3,3,1,4,0,1,1,1,2,4,0,3,0,1
4108,2,3,2,1,4,0,1,1,1,2,4,0,0,0,7
4109,2,3,2,1,4,0,1,1,1,2,4,0,3,0,7
4112,1,2,4,1,4,0,1,2,2,2,4,12,4,6,8
4114,1,3,2,1,4,0,3,1,1,2,4,0,3,0,1
4117,2,8,4,3,4,6,5,2,2,3,4,12,9,6,8
4118,2,8,4,3,4,6,5,2,2,2,4,12,9,6,8
4134,0,3,2,1,4,0,1,1,1,2,4,0,3,0,4
4136,0,3,2,1,4,0,1,1,2,2,4,0,2,0,0
4137,2,8,4,3,4,6,5,2,2,3,4,12,9,6,8
4150,2,8,4,3,4,6,5,2,2,3,4,12,9,6,8
4152,0,3,2,1,4,1,1,1,1,2,4,0,3,0,1
4162,2,3,2,1,4,0,2,1,1,2,4,0,3,0,1
4165,2,8,4,3,4,6,5,2,2,3,4,12,9,6,8
4172,0,8,4,3,4,6,5,2,2,3,4,12,9,6,8
4174,2,8,4,3,4,6,5,2,2,3,4,3,9,5,1
4180,2,3,2,1,4,0,5,1,1,2,4,3,2,0,8
4184,2,3,2,1,4,0,2,1,1,2,0,0,0,0,7
4205,0,3,2,1,4,0,1,2,2,2,4,0,2,0,1
4208,1,3,2,1,4,0,2,0,0,2,4,2,2,0,1
4212,2,2,3,1,4,0,3,1,1,1,4,0,2,0,4
4218,2,8,4,3,4,6,5,2,2,3,4,12,9,6,8
4220,2,3,2,1,4,0,1,0,0,2,4,10,2,0,7
4225,1,8,4,1,4,0,1,2,2,2,4,12,9,6,8
4229,2,8,4,3,4,6,5,2,2,3,4,12,9,6,8
4236,2,8,4,3,4,6,5,2,2,2,4,12,0,6,8
4238,2,4,2,1,4,2,3,1,1,2,4,0,0,2,7
4239,2,8,3,1,4,6,0,1,1,2,4,0,0,0,7
4243,1,3,3,1,4,1,3,1,1,2,4,0,0,0,0
4250,2,8,4,3,4,6,5,2,2,3,4,12,9,6,8
4255,2,8,4,3,4,6,5,2,2,3,4,12,9,6,8
4261,2,8,4,3,4,6,5,2,2,3,4,12,9,6,8
4271,2,3,2,1,4,0,3,1,1,0,4,0,0,0,1
4277,2,3,2,1,4,0,2,1,1,2,4,8,2,0,1
4280,0,8,4,3,4,6,5,2,2,3,4,0,9,9,6
4282,2,8,4,3,4,6,5,2,2,3,4,12,9,6,8
4298,0,3,2,1,4,6,5,2,2,2,0,3,2,0,1
4302,1,1,2,0,4,0,1,1,1,2,4,0,0,0,0
4307,2,3,2,1,4,6,5,1,1,2,4,1,2,6,7
4311,1,3,2,1,4,0,3,1,1,2,4,6,6,4,1
4312,2,8,4,3,4,6,5,2,2,3,4,12,9,6,8
4328,2,8,4,3,4,6,5,2,2,2,4,12,9,6,8
4332,2,3,2,1,4,6,5,2,2,2,4,0,2,0,1
4334,2,4,4,1,4,0,2,0,0,3,4,8,2,1,0
4336,2,2,3,1,4,6,5,2,2,3,0,10,0,0,7
4343,2,8,4,3,4,6,5,2,2,3,4,0,9,9,0
4344,2,8,4,3,4,6,5,2,2,3,4,12,9,6,8
4363,1,3,2,1,4,0,3,1,1,2,4,0,2,0,7
4364,2,3,2,2,4,6,3,1,1,2,0,10,0,0,1
4368,1,2,4,1,4,0,1,2,2,2,4,12,9,6,8
4373,2,3,2,1,4,6,1,1,1,2,4,8,2,0,0
4377,2,2,2,0,4,1,3,1,1,2,4,0,2,4,7
4392,2,8,4,2,4,6,5,2,2,2,4,12,9,6,8
4393,0,3,2,1,4,1,2,0,0,2,4,0,2,0,7
4400,1,3,2,1,4,1,2,1,1,2,4,0,2,0,0
4408,2,2,2,1,4,0,2,1,1,2,0,0,2,0,1
4426,2,8,4,3,4,6,5,2,2,3,4,12,9,6,8
4428,2,3,2,1,4,6,5,1,1,2,4,8,2,0,7
4433,2,3,2,1,4,0,1,1,1,2,4,0,0,1,7
4437,2,8,4,3,4,6,5,2,2,3,4,12,9,6,8
4444,2,8,4,3,4,6,5,2,2,3,4,12,9,6,8
4446,2,8,4,3,4,6,5,2,2,3,4,12,9,6,8
4448,1,3,2,1,4,1,3,1,1,2,4,0,2,4,0
4458,2,3,2,1,4,0,2,1,1,2,4,0,2,0,0
4460,2,8,2,1,4,0,1,1,1,2,4,3,2,1,7
4468,1,3,2,1,4,1,2,1,1,2,3,2,2,0,0
4469,0,3,2,1,4,0,1,1,1,2,4,0,2,0,7
4474,1,6,3,1,0,4,1,0,2,2,0,8,3,0,7
4485,2,8,4,3,4,6,5,2,2,3,4,12,9,6,8
4487,0,3,2,2,0,1,2,0,0,0,4,0,3,0,2
4498,0,3,2,1,4,0,1,0,0,2,4,8,2,1,7
4503,2,3,2,1,4,1,3,1,1,2,4,0,2,3,7
4511,0,8,4,3,4,6,5,2,2,3,4,12,9,6,7
4513,2,8,4,3,4,6,5,2,2,3,4,12,9,6,8
4514,2,8,4,3,4,6,5,2,2,3,4,12,9,6,8
4516,0,2,2,1,4,1,1,2,2,2,4,0,9,6,0
4523,2,8,4,3,4,6,5,2,2,3,4,12,9,6,8
4530,1,3,2,1,4,1,3,1,1,2,4,6,6,0,1
4540,2,8,4,3,4,0,5,2,2,3,4,12,9,6,8
4546,2,2,3,1,4,0,1,1,1,2,3,8,2,0,1
4550,2,8,4,3,4,6,5,2,2,3,4,12,9,6,8
4553,2,8,2,1,4,0,2,1,1,2,4,0,3,0,1
4556,2,3,2,1,4,0,3,1,1,2,4,0,1,0,7
4559,2,8,2,3,4,6,5,2,2,3,4,12,9,6,0
4562,2,3,2,1,4,0,3,1,1,2,4,0,2,6,7
4563,2,8,4,3,4,6,5,2,2,3,4,12,9,6,8
4566,2,1,4,1,4,0,1,2,2,2,4,12,9,0,1
4567,2,8,4,3,4,6,5,2,2,3,4,12,9,6,8
4574,2,8,4,3,4,6,5,2,2,3,4,12,9,6,8
4576,2,8,4,3,4,6,5,2,2,3,4,12,9,6,8
4578,1,2,2,1,4,1,2,1,1,2,4,0,3,0,7
4579,2,8,4,3,4,6,5,2,2,3,4,12,9,6,8
4580,2,4,2,1,4,0,3,1,1,2,4,12,2,0,0
4589,0,3,2,1,4,1,3,1,1,2,4,0,3,0,1
4597,2,8,4,3,4,6,5,2,2,3,4,12,9,6,8
4598,2,8,4,3,4,6,5,2,2,3,4,12,9,6,8
4610,0,3,3,1,4,0,1,2,2,2,4,0,2,0,4
4617,2,3,2,1,4,1,2,1,1,2,4,8,2,3,1
4621,2,3,2,3,4,6,5,2,2,3,4,0,2,0,1
4627,0,3,2,1,4,6,5,2,2,2,4,8,0,1,7
4634,2,8,2,1,4,6,5,2,2,2,4,0,0,6,0
4636,1,8,4,3,4,6,5,2,2,2,4,12,9,6,8
4653,2,3,2,1,4,4,2,1,1,2,4,0,2,0,8
4659,2,2,2,1,4,6,5,2,2,2,4,0,2,0,7
4661,0,3,2,1,4,0,1,1,1,2,4,2,0,1,1
4665,0,8,4,3,4,6,1,2,2,2,4,4,12,9,6
4667,2,8,4,3,4,6,5,2,2,3,4,12,9,6,8
4670,2,8,4,3,4,6,5,2,2,3,4,12,9,6,8
4672,2,8,4,3,4,6,5,2,2,2,4,12,9,6,8
4679,2,3,2,1,4,1,2,1,1,2,0,0,0,0,1
4680,2,8,4,3,4,6,5,2,2,3,4,12,9,6,8
4686,2,8,4,3,4,6,5,2,2,3,4,12,9,6,8
4688,2,8,4,3,4,6,5,2,2,3,4,12,9,6,8
4693,2,2,4,3,4,0,5,2,2,2,4,12,9,6,7
4702,1,3,2,1,4,1,3,1,1,2,4,0,2,0,1
4703,0,8,4,3,4,6,5,2,2,2,4,12,9,6,8
4709,0,8,4,3,4,6,1,2,2,2,4,0,9,9,6
4712,2,8,4,3,4,6,5,2,2,3,4,12,9,6,8
4715,2,8,4,3,4,6,5,2,2,3,4,12,0,6,8
4720,0,8,4,3,4,6,5,2,2,2,3,4,12,9,6
4721,2,8,4,3,4,6,5,2,2,3,4,12,9,6,8
4724,2,3,2,1,4,1,2,1,1,2,4,8,4,0,7
4725,2,8,3,1,4,1,3,1,1,2,4,3,2,3,0
4733,2,3,2,0,4,1,2,1,1,0,4,0,0,4,1
4738,2,8,4,3,4,6,5,2,2,3,4,12,9,6,8
4740,2,8,4,3,4,6,5,2,2,3,4,12,9,6,8
4745,2,8,4,3,4,6,5,2,2,3,4,12,9,6,8
4746,2,8,4,3,4,6,5,2,2,3,4,12,9,6,8
4749,0,3,2,1,0,1,1,1,1,0,4,0,3,1,7
4753,2,3,2,1,4,0,1,1,1,2,4,0,2,0,7
4755,2,8,4,3,4,6,5,2,2,3,4,12,9,6,8
4764,2,8,4,3,4,6,5,2,2,3,4,12,9,6,8
4773,2,8,4,3,4,6,5,2,2,3,4,12,9,6,8
4775,0,3,2,1,4,0,1,0,1,2,4,0,2,0,7
4782,2,8,4,3,4,6,5,2,2,3,4,12,9,6,8
4784,2,8,2,3,4,6,5,2,2,3,4,12,9,6,8
4796,1,3,2,1,4,0,3,1,1,2,4,1,3,4,1
4797,2,3,2,1,4,0,1,1,1,2,4,3,2,0,7
4798,2,8,4,3,4,6,5,2,2,3,4,12,9,6,8
4801,2,2,2,1,4,0,2,1,1,2,4,0,9,6,1
4804,2,2,0,1,4,1,5,0,1,3,3,0,0,6,1
4808,0,4,2,1,4,0,1,0,0,0,3,8,2,0,1
4815,2,2,3,1,4,0,3,1,1,2,4,0,3,1,7
4817,2,8,4,3,4,6,5,2,2,3,4,12,9,6,8
4823,2,8,4,3,4,6,5,2,2,3,4,12,9,6,8
4830,2,8,2,1,4,6,5,2,2,3,4,12,2,6,0
4839,2,3,2,1,4,0,2,1,1,2,4,0,3,0,7
4841,2,4,2,1,4,1,1,1,1,2,4,3,0,4,0
4847,2,8,4,3,4,6,5,2,2,3,4,12,9,6,8
4858,0,2,4,3,1,0,1,2,2,2,4,1,0,9,1
4862,2,3,2,1,4,6,5,1,1,2,4,0,2,0,1
4872,0,3,3,1,4,6,5,2,2,3,4,3,2,1,7
4876,1,4,3,1,4,1,3,1,1,2,4,0,2,3,7
4877,2,8,4,3,4,6,5,2,2,2,4,12,9,6,8
4889,1,2,2,1,4,6,5,1,1,2,4,6,6,0,7
4902,2,8,4,3,4,6,5,2,2,3,4,12,9,6,8
4912,2,3,2,1,4,0,3,0,0,2,0,0,3,0,7
4921,1,3,2,1,0,1,3,1,1,2,4,8,2,0,1
4922,2,8,4,3,4,6,5,2,2,2,4,12,9,6,8
4924,2,8,4,3,4,6,5,2,2,3,4,12,9,6,8
4928,0,8,4,3,1,0,1,2,2,2,4,0,9,0,1
4937,0,3,3,1,4,0,2,2,2,1,4,0,2,0,7
4938,0,8,4,3,4,0,1,2,2,2,4,0,3,9,0
4939,2,3,3,1,4,1,1,1,1,2,4,0,0,0,0
4962,2,8,4,3,4,6,5,2,2,3,4,12,9,6,8
4964,2,2,2,1,4,1,3,1,1,2,4,0,0,6,7
4969,2,8,4,3,4,6,5,2,2,2,3,4,12,9,6
4972,2,8,4,3,4,6,5,2,2,3,4,12,9,6,8
4973,0,2,2,3,4,1,1,1,1,2,4,0,3,4,7
4974,2,8,4,3,4,6,5,2,2,3,4,12,9,6,8
4987,1,8,4,3,4,0,5,2,2,2,4,12,9,6,8
4997,2,8,4,3,4,6,5,2,2,3,4,12,9,6,8
4998,0,8,4,3,4,6,5,2,2,3,4,12,9,6,8
5003,2,8,4,3,4,6,5,2,2,3,4,12,9,6,8
5015,2,8,4,3,4,6,5,2,2,3,4,12,9,6,8
5016,2,8,4,3,4,6,5,2,2,3,4,12,9,6,8
5019,1,2,2,1,0,1,2,1,1,2,4,6,2,0,7
5021,0,2,2,1,4,0,1,1,1,2,4,0,3,0,8
5029,2,8,4,3,4,6,5,2,2,3,4,12,9,6,8
5030,0,8,4,3,4,6,1,2,2,2,4,0,9,2,6
5031,2,3,2,1,4,6,5,1,1,2,0,10,3,0,1
5032,2,8,4,3,4,6,5,2,2,3,4,12,9,6,8
5033,0,3,2,1,4,6,5,2,2,3,4,8,2,1,7
5038,2,8,4,3,4,6,5,2,2,2,4,12,9,6,8
5042,2,8,4,3,4,6,5,2,2,3,4,12,9,6,8
5043,2,3,2,1,4,1,3,1,1,2,4,8,2,0,7
5045,1,0,4,1,4,6,1,2,2,2,4,12,9,6,8
5048,2,8,2,1,4,6,3,1,1,3,4,0,2,4,7
5052,2,8,4,3,4,6,5,2,2,3,4,12,9,6,8
5053,2,8,4,3,4,6,5,2,2,3,4,12,9,6,8
5057,1,8,4,3,4,6,5,2,2,3,4,12,9,6,8
5067,0,8,4,3,4,6,5,2,2,2,4,12,9,6,8
5068,2,8,4,3,4,6,5,2,2,3,4,12,9,6,8
5070,2,2,2,1,4,0,1,1,1,2,4,0,0,0,7
5088,0,3,3,1,4,0,2,0,1,2,4,0,2,0,7
5089,2,8,4,3,4,6,5,2,2,3,4,12,9,6,8
5093,1,8,4,1,4,0,1,2,2,2,4,0,12,9,6
5094,2,3,2,1,4,1,2,1,1,0,4,8,0,0,1
5095,2,3,3,1,4,6,3,1,1,2,4,7,2,0,1
5099,1,2,2,0,4,1,3,1,1,2,4,0,0,0,0
5104,2,8,4,3,4,6,5,2,2,3,4,12,9,6,8
5109,2,8,2,1,4,6,5,2,2,3,3,12,9,6,8
5112,1,3,2,1,4,0,1,1,1,2,4,9,2,1,2
5117,2,8,4,3,4,6,5,2,2,3,4,12,9,6,8
5127,0,3,3,1,4,6,5,2,2,3,4,9,8,6,7
5128,2,2,2,0,4,6,5,2,2,3,4,0,0,6,7
5138,2,8,4,3,4,6,5,2,2,3,4,12,9,6,8
5146,0,3,2,1,4,0,1,1,1,2,4,0,0,0,7
5147,2,3,2,1,4,6,5,1,1,2,4,10,2,0,8
5151,0,3,2,1,4,5,5,1,1,2,0,0,3,4,1
5162,2,8,4,3,4,6,5,2,2,3,4,12,9,6,8
5170,2,8,4,3,4,6,5,2,2,3,4,12,9,6,8
5173,0,8,4,3,4,0,1,2,2,2,4,0,12,9,6
5176,2,8,4,3,4,6,5,2,2,3,4,12,9,6,8
5177,2,8,4,3,4,6,5,2,2,3,4,12,9,6,8
5178,2,3,2,1,4,0,1,1,1,2,4,2,2,3,6
5184,2,8,4,3,4,6,5,2,2,3,4,12,9,6,8
5187,2,3,2,1,4,6,5,1,1,2,4,0,2,0,7
5196,2,8,4,3,4,6,5,2,2,3,4,12,9,6,8
5215,2,8,4,3,4,6,5,2,2,3,4,12,9,6,8
5221,2,8,4,3,4,6,5,2,2,3,4,12,9,6,8
5222,2,8,4,3,4,6,5,2,2,3,4,12,9,6,7
5227,2,8,4,3,4,6,5,2,2,3,4,12,9,6,8
5228,0,3,2,0,4,1,3,1,1,2,4,8,3,0,7
5239,2,8,4,3,4,6,5,2,2,3,4,12,9,6,8
5249,0,3,2,1,4,6,5,2,2,3,4,9,0,0,7
5255,0,2,2,1,4,0,1,1,1,2,4,0,2,0,1
5256,2,8,4,3,4,6,5,2,2,3,4,12,9,6,8
5267,2,8,4,3,4,6,5,2,2,3,4,12,9,6,8
5269,2,3,2,1,4,0,3,1,1,2,4,0,3,0,8
5277,0,8,4,3,4,5,1,2,2,2,4,12,9,6,8
5283,2,8,3,1,4,6,5,2,2,3,4,10,2,0,7
5285,2,8,4,3,4,6,5,2,2,3,4,12,9,6,8
5287,2,8,4,3,4,6,5,2,2,3,4,12,9,6,8
5289,0,3,3,1,4,0,2,2,2,2,4,12,2,0,1
5291,1,3,2,1,4,1,3,1,1,2,4,0,3,6,2
5294,2,8,4,3,4,6,5,2,2,3,4,12,9,6,8
5297,0,8,4,3,4,6,5,2,2,3,4,12,3,0,8
5300,1,3,2,1,4,6,5,1,1,2,0,8,2,4,0
5305,2,8,4,3,4,6,5,2,2,2,4,12,9,6,7
5308,2,8,4,3,4,6,5,2,2,2,4,12,9,6,8
5315,0,8,4,3,4,6,1,2,2,2,4,0,9,9,6
5329,1,3,2,1,0,1,3,1,1,2,4,8,2,1,7
5330,2,8,4,3,4,6,5,2,2,3,4,12,9,6,8
5332,0,3,3,0,4,6,2,2,2,2,4,2,2,0,0
5352,2,8,4,3,4,6,5,2,2,3,4,12,9,6,8
5355,2,8,4,3,4,6,5,2,2,3,4,12,9,6,8
5357,1,3,2,1,4,6,5,1,1,2,4,0,2,0,1
5359,2,3,2,1,4,1,2,1,1,2,4,8,2,0,1
5364,2,8,4,3,4,6,5,2,2,3,4,12,9,6,8
5369,2,8,4,3,4,6,5,2,2,3,4,12,9,6,8
5375,2,3,2,1,4,6,5,2,2,2,4,10,2,0,0
5378,2,8,4,3,4,6,5,2,2,3,4,12,9,6,8
5379,2,8,4,3,4,6,5,2,2,3,4,12,9,6,8
5389,0,2,4,3,1,0,1,2,2,2,4,1,0,9,1
5391,2,8,4,3,4,6,5,2,2,3,4,12,9,6,8
5400,2,8,3,1,4,6,2,2,2,3,0,2,2,3,7
5412,2,8,4,3,4,6,5,2,2,3,4,12,9,6,8
5415,2,8,4,3,4,6,5,2,2,3,4,12,9,6,8
5428,2,8,4,3,4,6,5,2,2,3,4,12,9,6,8
5431,2,3,3,1,4,6,5,1,1,2,4,0,2,0,7
5432,2,3,2,1,4,6,1,1,1,2,0,0,2,0,1
5433,0,2,2,1,4,1,1,2,2,2,4,0,9,2,1
5437,1,8,4,3,4,6,5,2,2,3,4,12,9,6,8
5442,2,8,4,3,4,6,5,2,2,3,4,0,9,6,8
5454,2,8,4,3,4,6,5,2,2,2,4,12,9,6,8
5457,2,8,2,1,4,6,5,1,1,2,4,0,3,0,7
5460,2,8,4,3,4,6,5,2,2,3,4,12,9,6,8
5464,2,8,4,3,4,6,5,2,2,3,4,12,9,6,8
5470,2,3,3,1,4,6,3,1,1,2,4,8,2,1,7
5471,2,8,4,3,4,5,5,2,2,3,4,12,9,6,8
5472,2,8,3,1,4,6,5,2,2,3,4,12,9,0,3
5474,2,3,3,1,4,6,5,1,1,2,4,8,0,0,7
5475,0,2,3,1,4,0,1,2,2,2,4,10,0,0,1
5482,2,8,4,3,4,6,5,2,2,3,4,12,9,6,8
5490,1,8,4,3,4,0,5,2,2,2,4,12,9,6,8
5496,2,8,4,3,4,6,5,2,2,3,4,12,9,6,8
5505,0,8,4,3,4,0,1,2,2,2,4,8,2,6,8
5514,2,8,4,3,4,6,5,2,2,3,4,12,9,6,8
5532,2,8,4,3,4,6,5,2,2,3,4,12,9,6,8
5535,1,3,2,1,4,0,3,1,1,2,4,0,0,0,1
5540,2,8,4,3,4,6,5,2,2,3,4,12,9,6,8
5543,2,3,2,1,4,1,2,1,1,2,4,0,0,1,1
5558,2,3,2,1,4,0,3,1,1,2,4,12,2,6,7
5564,2,8,4,3,4,6,5,2,2,3,0,12,2,0,0
5566,0,8,4,3,1,0,1,2,2,2,4,0,9,9,6
5573,2,8,4,3,4,6,5,2,2,3,4,12,9,6,8
5586,2,0,0,0,4,0,0,1,1,2,4,0,9,6,1
5592,1,3,3,1,0,1,3,1,1,2,4,3,2,1,0
5597,2,8,4,3,4,6,5,2,2,3,4,12,9,6,8
5598,2,8,2,1,4,0,2,1,1,2,4,12,2,0,1
5603,2,3,2,1,4,1,3,1,1,2,4,12,2,0,0
5612,2,2,2,1,4,6,5,2,2,3,4,0,2,0,1
5655,2,8,4,3,4,6,5,2,2,3,4,12,9,6,8
5657,2,8,4,3,4,6,5,2,2,3,4,12,9,6,8
5680,2,8,4,1,4,6,5,2,2,3,4,12,9,6,7
5685,0,3,2,1,4,6,5,2,2,2,4,8,2,0,0
5686,2,3,3,1,4,6,5,1,1,2,4,0,3,0,7
5690,2,3,2,1,4,0,1,2,2,0,4,2,2,3,0
5691,1,8,4,3,4,0,5,2,2,3,4,12,9,6,8
5694,2,3,3,1,4,1,1,1,1,0,0,0,2,4,0
5695,0,4,2,1,4,6,5,2,2,2,0,0,2,3,7
5698,2,8,4,3,4,0,1,2,2,2,4,12,9,6,8
5714,0,3,2,0,4,6,1,2,2,2,0,0,3,0,1
5727,1,3,2,1,4,6,5,1,1,2,4,10,2,0,7
5733,2,8,2,2,4,0,1,1,1,2,4,0,2,0,1
5739,2,8,4,3,4,6,5,2,2,3,4,12,9,6,8
5748,2,8,4,1,4,0,5,2,2,2,4,10,2,1,1
5753,2,8,4,3,4,6,5,2,2,3,4,12,9,6,8
5772,1,3,2,1,4,1,3,1,1,2,4,1,4,1,7
5778,2,8,4,3,4,6,5,2,2,3,4,12,9,6,8
5788,0,8,4,3,4,6,5,2,2,2,4,12,9,6,8
5789,2,8,4,3,4,6,5,2,2,3,4,12,9,6,8
5790,1,8,4,3,4,6,5,2,2,3,4,12,9,6,8
5792,1,2,4,3,4,6,5,2,2,2,4,12,9,6,8
5796,2,8,4,3,4,6,5,2,2,3,4,12,9,6,8
5800,0,2,2,1,0,1,1,1,1,1,4,0,3,0,1
5806,1,3,3,1,4,1,2,1,1,2,4,0,0,0,7
5810,2,8,4,3,4,0,5,1,1,2,4,8,9,6,6
5815,0,3,2,1,4,0,1,2,2,2,4,8,2,3,7
5819,2,7,2,1,4,6,5,2,2,3,4,2,9,0,1
5822,2,3,2,1,4,0,5,1,1,2,4,3,2,0,8
5824,2,8,4,3,4,6,5,2,2,3,4,12,9,6,8
5833,2,8,4,3,4,6,5,2,2,2,4,4,12,9,8
5851,2,8,4,3,4,6,5,2,2,2,4,12,9,6,8
5855,0,3,2,1,4,0,1,2,2,2,4,10,2,0,0
5858,2,3,2,1,4,1,3,2,1,0,4,2,0,0,1
5865,2,8,4,3,4,6,5,2,2,3,4,12,9,6,8
5866,2,8,4,3,4,6,5,2,2,3,4,12,9,6,8
5876,1,1,2,1,4,1,4,2,1,2,4,0,9,0,7
5879,2,8,4,2,4,1,2,1,1,2,0,8,2,6,7
5885,3,8,4,1,4,6,5,2,2,2,4,0,2,0,8
5886,2,3,2,1,4,0,3,1,1,2,0,6,0,0,1
5893,2,8,4,2,4,1,2,1,1,2,4,8,2,6,7
5894,2,8,4,2,4,6,5,1,1,2,4,12,2,0,1
5902,2,8,4,3,4,6,5,2,2,3,4,12,9,6,8
5912,2,8,4,3,4,6,5,2,2,3,4,3,9,5,1
5913,2,8,4,3,4,6,5,2,2,3,4,12,9,6,8
5918,2,8,4,3,4,6,5,2,2,3,4,12,9,6,8
5919,2,8,4,3,4,6,5,2,2,3,4,12,9,6,8
5922,2,2,2,1,4,0,2,1,1,2,4,8,0,0,7
5923,0,8,4,3,4,5,5,2,2,3,4,9,2,6,8
5924,2,3,3,1,4,0,6,2,2,2,4,8,2,1,7
5925,2,3,2,1,4,6,5,2,2,2,4,8,2,6,7
5926,2,8,4,3,4,6,5,2,2,3,4,12,9,6,8
5931,2,8,4,3,4,6,5,2,2,3,4,12,9,6,8
5933,2,8,4,3,4,6,5,2,2,3,4,12,9,6,7
5937,2,8,4,3,4,6,5,2,2,3,4,12,9,6,8
5938,2,8,4,3,4,6,5,2,2,3,4,12,9,6,8
5942,2,8,4,3,4,6,5,2,2,3,4,12,9,6,8
5946,0,3,2,1,4,1,3,1,1,2,4,0,3,0,1
5949,1,3,3,1,4,1,3,1,1,2,4,8,1,3,7
5959,2,7,3,1,4,2,3,2,2,2,0,0,2,4,2
5966,2,3,2,1,4,0,1,1,1,2,4,3,2,0,3
5968,1,3,2,1,4,6,5,1,1,2,4,12,2,0,0
5969,2,3,2,0,4,0,1,1,1,2,4,10,0,0,0
5975,0,3,2,1,4,1,1,1,1,2,0,10,2,0,0
5994,2,2,2,1,4,1,5,1,1,2,4,10,2,1,0
5996,2,3,2,1,4,6,5,1,1,2,4,0,0,0,2
5998,2,8,4,3,4,6,5,2,2,3,4,12,9,6,8
6005,2,8,3,1,4,6,5,2,2,3,4,12,2,0,7
6012,2,8,4,3,4,6,5,2,2,3,4,12,9,6,8
6020,2,8,4,3,4,6,5,2,2,3,4,12,9,6,8
6031,1,3,3,1,4,0,1,1,1,2,4,6,6,1,7
6034,2,8,4,2,4,6,5,1,1,2,4,12,2,0,1
6038,1,3,2,1,4,1,3,1,1,2,4,0,0,0,0
6039,2,3,2,1,4,6,3,1,1,2,4,12,2,6,7
6040,0,3,2,1,4,5,5,2,2,2,4,1,2,6,1
6042,2,8,4,1,4,6,5,2,2,2,4,12,2,4,1
6046,2,8,4,3,4,6,5,2,2,3,4,12,9,6,8
6055,2,8,4,3,4,0,5,2,2,3,4,12,9,6,8
6056,0,3,2,1,4,6,2,1,1,2,4,0,2,0,7
6059,2,8,4,3,4,6,5,2,2,3,4,12,9,6,8
6060,1,3,3,1,4,0,1,1,1,2,4,8,0,1,7
6062,2,8,4,3,4,6,5,2,2,3,4,12,9,6,8
6066,2,8,4,3,4,6,5,2,2,3,4,12,9,6,8
6067,2,8,4,3,4,6,5,2,2,3,4,12,9,6,8
6073,2,8,2,3,4,6,5,2,2,3,4,12,9,0,7
6081,2,8,4,3,4,6,5,2,2,3,4,12,9,6,8
6091,2,8,4,3,4,6,5,2,2,3,4,12,9,6,8
6101,1,3,2,1,4,1,3,1,1,2,0,0,0,2,2
6109,2,3,2,1,4,0,1,1,1,2,2,0,0,0,0
6113,2,8,4,3,4,6,5,2,2,3,4,0,2,0,1
6119,2,8,4,3,4,6,5,2,2,2,3,4,12,9,6
6121,2,8,4,3,4,6,5,2,2,3,4,12,9,6,8
6127,2,3,2,1,4,4,5,1,1,2,0,0,0,0,1
6131,2,3,2,1,4,0,3,1,1,2,4,0,2,0,7
6133,1,1,2,1,4,1,1,1,2,2,4,0,9,3,1
6135,2,8,4,3,4,6,5,2,2,2,3,4,12,9,6
6146,2,8,4,3,4,6,5,2,2,3,4,3,2,0,1
6151,2,8,4,3,4,6,5,2,2,2,4,12,9,6,8
6155,2,2,2,1,4,6,5,1,1,2,4,6,9,0,0
6158,0,3,3,1,0,6,5,1,1,2,4,0,2,0,7
6159,0,2,4,1,4,1,1,1,1,2,4,0,12,9,8
6160,2,3,2,0,4,0,1,1,1,2,4,8,0,0,1
6169,0,8,4,3,4,6,5,2,2,3,4,12,9,6,8
6175,2,8,4,3,4,6,5,2,2,3,4,12,9,6,8
6176,2,8,4,3,4,6,5,2,2,3,4,12,9,6,8
6186,0,3,2,1,4,1,3,1,1,2,4,8,0,0,2
6200,2,8,4,3,4,6,5,2,2,3,4,12,9,6,8
6201,2,3,2,1,4,6,5,1,1,2,4,3,2,0,7
6206,0,8,4,3,4,6,5,2,2,3,4,0,9,6,8
6221,2,3,3,1,4,0,2,2,2,2,4,10,2,6,7
6227,2,8,4,3,4,6,5,2,2,3,4,12,9,6,8
6228,2,8,4,3,4,6,5,2,2,3,4,12,9,6,8
6232,2,8,4,3,4,6,5,2,2,3,4,12,9,6,8
6237,2,8,4,3,4,6,5,2,2,3,4,12,9,6,8
6239,2,8,4,3,4,6,5,2,2,3,4,12,9,6,8
6246,2,3,3,1,4,1,2,1,1,2,4,10,2,0,0
6248,2,8,4,3,4,6,5,2,2,3,4,12,9,6,8
6252,2,8,4,3,4,6,5,2,2,3,4,12,9,6,8
6261,2,8,4,3,4,6,5,2,2,3,4,12,9,6,8
6268,2,2,2,1,4,6,3,1,1,2,4,3,2,0,0
6269,2,8,4,3,4,6,5,2,2,3,4,12,9,6,7
6274,0,8,4,3,4,6,5,2,2,2,4,12,9,6,8
6277,2,8,4,3,4,6,5,2,2,2,4,12,9,6,8
6289,0,8,4,3,4,6,5,2,2,3,4,12,9,6,8
6293,2,3,2,1,4,1,2,1,1,2,4,0,3,0,1
6302,2,3,2,1,4,0,1,1,1,2,4,0,2,0,1
6306,0,3,3,1,4,1,1,1,1,2,4,8,2,0,0
6314,2,2,2,1,4,6,5,2,2,3,4,12,2,0,1
6344,0,8,4,3,4,6,1,2,2,2,4,4,0,9,6
6345,2,8,4,3,4,6,5,2,2,3,4,12,9,6,8
6349,0,3,2,1,4,6,5,2,2,2,0,7,2,0,1
6352,2,8,4,3,4,6,5,2,2,2,4,12,0,6,8
6362,0,8,4,3,4,6,5,2,2,3,4,12,9,6,8
6363,0,8,4,3,4,5,1,2,2,2,4,12,9,6,8
6366,2,8,4,3,4,6,5,2,2,3,4,12,9,6,8
6368,2,3,2,1,4,0,2,2,1,2,4,0,2,0,7
6379,2,8,4,3,4,6,5,2,2,3,4,12,9,6,8
6380,1,3,2,1,4,6,5,1,1,2,4,0,3,0,0
6381,2,3,2,1,4,1,2,1,1,2,4,0,2,0,7
6384,2,8,2,2,4,6,5,2,2,3,4,0,2,0,7
6396,2,8,4,3,4,6,5,2,2,3,4,12,9,6,8
6399,2,8,4,3,4,6,5,2,2,3,4,12,9,6,8
6407,1,8,4,3,4,0,1,2,2,2,4,0,12,0,6
6410,2,8,2,1,4,6,5,2,2,3,4,12,2,0,7
6412,2,8,4,3,4,6,5,2,2,3,4,12,9,6,8
6414,2,8,4,3,4,6,5,2,2,3,4,12,9,6,8
6417,2,3,2,1,4,1,2,1,1,2,4,2,0,0,7
6424,0,8,4,3,4,6,5,2,2,2,3,4,2,2,0
6429,2,8,2,1,4,6,5,2,2,3,0,3,2,3,7
6435,2,8,2,1,4,6,5,2,2,3,4,10,2,0,7
6437,2,8,4,3,4,6,1,2,2,2,4,12,9,6,8
6448,1,3,2,0,4,6,5,1,1,2,4,1,0,0,2
6450,2,8,4,3,4,6,5,2,2,3,4,12,9,6,8
6456,0,3,2,1,4,6,5,2,2,2,0,0,2,0,1
6459,2,8,2,1,4,0,5,2,2,2,0,8,0,0,1
6479,2,8,4,3,4,6,5,2,2,3,4,12,9,6,8
6491,2,8,4,3,4,6,5,2,2,2,4,12,9,6,8
6499,2,2,2,1,4,1,1,0,0,2,0,0,2,0,0
6507,2,8,4,3,4,6,5,2,2,3,4,12,9,6,8
6511,2,3,2,1,4,1,3,1,1,2,4,0,0,0,1
6514,1,3,2,1,4,0,3,1,1,2,4,6,6,0,2
6516,2,3,2,2,4,6,3,1,1,2,4,12,2,6,7
6528,2,8,4,3,4,6,5,2,2,3,4,12,9,6,8
6537,2,8,4,3,4,0,1,2,2,2,4,9,2,0,8
6540,2,8,4,3,4,6,5,2,2,3,4,12,9,6,8
6547,2,3,2,1,4,1,3,1,1,2,4,0,0,0,1
6551,2,8,4,3,4,6,5,2,2,3,4,12,9,6,8
6556,2,8,4,3,4,6,5,2,2,3,4,12,9,6,8
6564,1,4,2,1,4,6,3,1,1,2,4,1,3,3,0
6571,2,3,2,1,4,1,3,2,1,0,4,2,0,0,1
6575,2,7,3,1,4,2,3,2,2,2,0,0,2,4,2
6576,2,8,4,3,4,6,5,2,2,3,4,12,9,6,8
6586,2,8,4,3,4,6,5,2,2,3,4,12,9,6,8
6589,0,8,4,3,4,5,1,2,2,2,4,12,9,6,8
6610,2,3,2,1,4,0,1,0,1,2,4,8,2,0,7
6612,0,8,4,3,4,6,5,2,2,3,4,12,9,6,8
6616,2,8,4,3,4,6,5,2,2,3,4,12,9,6,8
6630,2,8,4,3,4,6,5,2,2,3,4,12,9,6,8
6650,2,8,4,3,4,6,5,2,2,3,4,12,9,6,7
6657,2,8,4,3,4,6,5,2,2,3,4,12,9,6,8
6675,2,8,4,3,4,6,5,2,2,3,4,12,9,6,8
